School,State,SAT 25,SAT 75,ACT 25,ACT 75,Average GPA,Acceptance Rate
The University of Alabama,Alabama,1470,1860,22,30,3.6,53%
Spring Hill College,Alabama,1440,1810,21,27,3.45,47%
Birmingham Southern College,Alabama,1040,1270,23,29,3.48,65%
Auburn University,Alabama,1570,1890,24,30,3.74,77%
Samford University,Alabama,1510,1850,23,28,3.68,76%
University of Alabama at Birmingham,Alabama,1040,1290,22,28,3.62,72%
University of Alabama at Huntsville,Alabama,1020,1290,23,29,3.64,78%
Huntingdon College,Alabama,840,1040,19,24,3.37,61%
University of Mobile,Alabama,940,1290,20,25,3.34,80%
Oakwood University,Alabama,810,1023,17,22,3.03,32%
University of Montevallo,Alabama,1400,1743,20,26,3.35,78%
University of West Alabama,Alabama,,,18,22,,49%
Troy University,Alabama,,,18,24,,62%
Stillman College,Alabama,733,888,17,20,,41%
Jacksonville State University,Alabama,850,1080,19,26,3.18,82%
Tuskegee University,Alabama,800,1030,18,22,3.1,65%
Alabama State University,Alabama,750,960,15,19,2.89,46%
University of South Alabama,Alabama,1295,1635,20,26,3.4,87%
Alabama A & M University,Alabama,720,900,15,19,,54%
Auburn University at Montgomery,Alabama,,,18,23,3.21,74%
Judson College,Alabama,1580,1850,19,24,3.31,82%
University of North Alabama,Alabama,846,1095,19,25,3.12,88%
Alaska Pacific University,Alaska,1350,1653,20,24,,63%
University of Arizona,Arizona,1463,1820,21,27,3.42,71%
Embry Riddle Aeronautical University Prescott,Arizona,1530,1880,23,29,3.58,82%
Arizona State University,Arizona,1020,1270,22,28,3.42,89%
Northern Arizona University,Arizona,1390,1720,20,25,3.4,76%
Arizona Christian University,Arizona,895,1180,20,25,,71%
Prescott College,Arizona,1390,1820,22,30,3.11,81%
John Brown University,Arkansas,1495,1890,22,28,3.72,65%
University of Arkansas,Arkansas,1020,1230,23,28,3.62,63%
Lyon College,Arkansas,1470,1810,22,28,3.6,62%
Hendrix College,Arkansas,1070,1330,26,32,3.94,83%
Ouachita Baptist University,Arkansas,900,1130,21,27,3.53,69%
Harding University,Arkansas,990,1250,22,28,3.58,75%
University of Arkansas Fort Smith,Arkansas,1170,1710,19,25,,54%
Williams Baptist College,Arkansas,760,940,19,24,,63%
Central Baptist College,Arkansas,1330,1880,18,23,,45%
Arkansas State University Main Campus,Arkansas,1281,1541,21,26,3.44,71%
Henderson State University,Arkansas,950,1128,19,24,3.19,61%
Southern Arkansas University Main Campus,Arkansas,840,1110,18,24,3.1,65%
University of Central Arkansas,Arkansas,,,20,26,3.3,93%
University of Arkansas at Pine Bluff,Arkansas,1018,1353,15,20,,33%
University of the Ozarks,Arkansas,870,1100,20,26,3.39,91%
Arkansas Tech University,Arkansas,1150,1500,18,25,3.16,88%
University of Arkansas at Little Rock,Arkansas,770,960,20,27,3.18,99%
Ecclesia College,Arkansas,,,,,,36%
Stanford University,California,2070,2350,31,34,4.18,7%
California Institute of Technology,California,2210,2390,33,35,,13%
Pomona College,California,2070,2320,31,34,,13%
University of California Berkeley,California,1840,2240,27,33,3.86,22%
Claremont McKenna College,California,1980,2250,29,33,,14%
Harvey Mudd College,California,2070,2320,32,35,,19%
University of Southern California,California,1920,2230,29,33,3.73,20%
University of California Los Angeles,California,1750,2150,25,31,4.29,27%
Scripps College,California,1940,2203,29,32,4.13,32%
Occidental College,California,1820,2100,27,31,3.6,39%
Pitzer College,California,,,,,3.85,16%
University of California San Diego,California,1750,2080,25,31,,35%
Pepperdine University,California,1700,2010,,,3.59,38%
California Polytechnic State University San Luis Obispo,California,1140,1340,25,30,3.87,37%
University of California Davis,California,1600,1970,23,29,3.99,48%
University of California Santa Barbara,California,1640,2000,24,29,3.96,46%
University of San Diego,California,1110,1320,25,30,3.88,43%
Soka University of America,California,1620,1970,25,29,3.86,46%
University of the Pacific,California,1530,1960,22,29,3.47,38%
Santa Clara University,California,1200,1380,27,31,3.66,54%
University of California Irvine,California,1480,1890,21,27,3.92,47%
Chapman University,California,1680,1950,24,29,3.68,45%
Loyola Marymount University,California,1640,1940,25,29,3.72,50%
Point Loma Nazarene University,California,1040,1260,23,28,3.78,56%
San Diego State University,California,980,1200,21,26,3.6,33%
California Lutheran University,California,1010,1203,22,26,3.65,47%
Azusa Pacific University,California,980,1210,21,27,3.64,49%
Westmont College,California,1580,1960,24,29,3.8,66%
University of Redlands,California,1030,1230,23,27,3.6,65%
California State University Long Beach,California,900,1140,18,24,3.5,30%
University of California Santa Cruz,California,1430,1840,20,26,,67%
The Master's College and Seminary,California,960,1230,22,27,3.63,66%
Mills College,California,1560,1870,23,28,3.64,63%
University of San Francisco,California,1600,1900,23,27,3.61,69%
Otis College of Art and Design,California,860,1130,19,25,3.15,55%
Saint Marys College of California,California,1520,1820,22,27,3.61,66%
California State Polytechnic University Pomona,California,950,1190,20,26,3.43,55%
Thomas Aquinas College,California,1730,2030,23,31,3.78,80%
Biola University,California,1493,1860,22,27,3.54,75%
University of California Riverside,California,1450,1800,20,25,3.6,68%
University of La Verne,California,1390,1690,20,25,3.78,40%
Dominican University of California,California,1440,1740,20,25,3.5,56%
Pacific Union College,California,1330,1710,18,25,3.35,47%
California State University Fullerton,California,920,1130,19,24,3.48,47%
California Maritime Academy,California,960,1190,21,26,,72%
Whittier College,California,1400,1730,20,25,3.47,64%
Southern California Institute of Architecture,California,1453,1871,19,23,3.1,80%
Concordia University Irvine,California,1353,1660,20,25,3.42,69%
William Jessup University,California,1350,1730,20,25,3.35,64%
San Diego State University Imperial Valley Campus,California,760,980,16,21,,44%
California State University Channel Islands,California,850,1060,17,23,,54%
San Francisco Art Institute,California,1400,1760,22,27,3.09,63%
California College of the Arts,California,,,,,3.2,83%
Vanguard University of Southern California,California,830,1070,18,28,3.13,67%
California State University Monterey Bay,California,860,1080,18,24,3.2,47%
California State University Chico,California,910,1120,19,24,3.21,74%
Fresno Pacific University,California,1308,1650,18,22,3.3,73%
Hope International University,California,1276,1596,17,22,,52%
Simpson University,California,1360,1710,21,23,3.51,60%
California State University East Bay,California,800,1020,16,22,3.1,36%
San Francisco State University,California,880,1110,19,24,3.2,65%
California State University San Marcos,California,860,1070,18,23,3.18,59%
La Sierra University,California,1220,1560,17,22,3.33,48%
University of California Merced,California,1340,1690,18,24,3.51,80%
California State University Fresno,California,810,1040,16,22,3.33,60%
California Baptist University,California,1270,1650,18,24,3.33,73%
San Diego Christian College,California,1295,1650,19,22,,43%
Life Pacific College,California,1230,1550,17,22,,63%
Woodbury University,California,860,1090,19,25,3.11,76%
Holy Names University,California,820,1000,17,21,3.2,51%
Mount St. Mary's College,California,840,1030,16,22,3.34,60%
California State University San Bernardino,California,790,1000,16,20,3.17,58%
California State University Northridge,California,800,1040,16,22,3.18,62%
Sonoma State University,California,900,1110,19,24,3.2,85%
San Jose State University,California,910,1150,19,25,3.31,75%
Humboldt State University,California,890,1140,18,24,3.21,81%
California State University Sacramento,California,840,1060,17,22,3.25,67%
Notre Dame de Namur University,California,1290,1620,18,22,3.2,75%
California State University Bakersfield,California,790,1020,15,22,3.2,67%
California State University Stanislaus,California,810,1030,16,22,3.26,77%
California State University Dominguez Hills,California,760,940,15,19,3.0,53%
Menlo College,California,1307,1610,19,25,3.2,92%
California State University Los Angeles,California,770,990,15,20,3.18,69%
American Jewish University,California,,,,,3.27,96%
Art Center College of Design,California,,,,,3.25,81%
Bethesda University of California,California,,,,,,82%
California Christian College,California,,,,,,88%
California Institute of the Arts,California,,,,,,25%
Charles R Drew University of Medicine and Science,California,1066,1233,,,,39%
Columbia College Hollywood,California,,,,,,54%
Dell'Arte International School of Physical Theatre,California,,,,,,77%
Laguna College of Art and Design,California,,,,,3.45,40%
Lincoln University,California,,,,,,69%
San Francisco Conservatory of Music,California,,,,,,47%
World Mission University,California,,,,,,90%
SUM Bible College and Theological Seminary,California,,,,,,99%
Providence Christian College,California,,,,,,39%
Touro College Los Angeles,California,,,,,,50%
Colorado College,Colorado,1840,2130,27,32,,23%
Colorado School of Mines,Colorado,1750,2040,27,31,3.8,45%
University of Denver,Colorado,1620,1950,25,30,3.67,68%
United States Air Force Academy,Colorado,1210,1400,29,32,3.88,10%
Colorado State University Fort Collins,Colorado,1020,1250,22,27,3.61,75%
University of Colorado Boulder,Colorado,1060,1280,24,29,3.56,84%
University of Colorado Colorado Springs,Colorado,940,1180,21,25,3.31,60%
Regis University,Colorado,960,1200,21,26,3.54,87%
University of Colorado Denver,Colorado,970,1205,20,26,3.43,74%
University of Northern Colorado,Colorado,900,1140,20,24,3.29,70%
Fort Lewis College,Colorado,945,1150,20,25,3.21,88%
Adams State College,Colorado,1330,1613,17,22,3.12,61%
Metropolitan State College of Denver,Colorado,930,1200,18,23,2.96,63%
Western State Colorado University,Colorado,860,1110,19,24,3.1,96%
Colorado Mesa University,Colorado,880,1090,18,23,3.0,82%
Colorado State University Pueblo,Colorado,840,1050,18,23,,94%
Colorado Christian University,Colorado,,,,,3.5,83%
Naropa University,Colorado,,,,,2.9,83%
Remington College Colorado Springs Campus,Colorado,,,,,,80%
Johnson & Wales University Denver,Colorado,,,,,3.23,62%
Yale University,Connecticut,2120,2390,32,35,,8%
Wesleyan University,Connecticut,1950,2230,29,33,3.73,24%
Trinity College,Connecticut,1740,2023,25,29,,34%
University of Connecticut,Connecticut,1130,1330,25,30,,45%
Lyme Academy College of Fine Arts,Connecticut,,,,,2.97,63%
University of Hartford,Connecticut,950,1150,20,26,,41%
United States Coast Guard Academy,Connecticut,1750,2010,25,30,3.79,16%
University of Connecticut Stamford,Connecticut,910,1130,17,24,,45%
Quinnipiac University,Connecticut,1500,1780,22,27,3.4,69%
University of Connecticut Avery Point,Connecticut,900,1110,22,26,,61%
University of Connecticut Tri Campus,Connecticut,910,1120,19,24,,50%
University of New Haven,Connecticut,1390,1690,20,25,3.31,71%
Central Connecticut State University,Connecticut,1360,1650,19,25,2.98,64%
Eastern Connecticut State University,Connecticut,1400,1660,20,24,3.01,67%
Western Connecticut State University,Connecticut,,,,,2.97,59%
Southern Connecticut State University,Connecticut,1240,1550,17,22,2.88,75%
University of Bridgeport,Connecticut,1240,1510,18,22,2.98,63%
Albertus Magnus College,Connecticut,1110,1430,,,2.8,81%
Connecticut College,Connecticut,,,,,,34%
Fairfield University,Connecticut,,,,,3.36,69%
Mitchell College,Connecticut,,,,,2.68,60%
Sacred Heart University,Connecticut,,,,,3.3,54%
Saint Joseph College,Connecticut,860,1040,18,22,3.3,82%
University of Delaware,Delaware,1580,1910,24,29,3.5,59%
Delaware State University,Delaware,1210,1440,16,19,2.94,43%
Wesley College,Delaware,1080,1400,16,23,2.7,63%
Goldey Beacom College,Delaware,,,,,2.95,54%
Georgetown University,District Of Columbia,1310,1500,29,33,,18%
George Washington University,District Of Columbia,1810,2090,27,31,,33%
American University,District Of Columbia,1740,2030,26,30,,44%
Catholic University of America,District Of Columbia,1010,1220,22,27,3.33,63%
Howard University,District Of Columbia,1450,1760,21,26,,54%
Gallaudet University,District Of Columbia,693,930,15,20,,61%
Corcoran College of Art and Design,District Of Columbia,,,,,,31%
Trinity Washington University,District Of Columbia,,,,,,76%
University of Miami,Florida,1820,2110,28,32,4.2,40%
University of Florida,Florida,1740,2040,26,31,4.1,44%
Florida State University,Florida,1670,1920,25,29,3.88,54%
University of Central Florida,Florida,1600,1880,23,28,3.81,46%
Rollins College,Florida,1640,1940,24,29,3.26,56%
New College of Florida,Florida,1780,2060,27,30,3.92,60%
University of South Florida Main Campus,Florida,1590,1870,23,28,3.86,43%
Stetson University,Florida,1580,1880,23,28,3.86,60%
Flagler College St Augustine,Florida,1590,1730,21,25,3.53,41%
The University of Tampa,Florida,1460,1710,21,26,3.3,47%
Florida Institute of Technology,Florida,1030,1260,23,28,3.58,59%
Florida International University,Florida,1590,1830,24,27,3.84,40%
University of North Florida,Florida,1580,1820,23,26,3.73,52%
Eckerd College,Florida,1010,1230,23,28,3.34,69%
Florida Southern College,Florida,1470,1760,22,27,3.62,56%
The Baptist College of Florida,Florida,780,1120,20,27,,36%
Florida Atlantic University,Florida,1430,1690,20,24,3.46,42%
Nova Southeastern University,Florida,950,1190,21,27,3.79,56%
Jacksonville University,Florida,910,1110,19,24,3.39,45%
Embry Riddle Aeronautical University Daytona Beach,Florida,1440,1810,21,27,3.56,79%
Ave Maria University,Florida,1390,1810,20,26,3.5,65%
The University of West Florida,Florida,1360,1670,21,26,3.43,61%
University of South Florida St. Petersburg Campus,Florida,1450,1720,21,25,,51%
Clearwater Christian College,Florida,910,1130,19,25,3.32,72%
Florida Agricultural and Mechanical University,Florida,1260,1520,18,22,3.27,49%
Saint Thomas University,Florida,1218,1500,16,21,3.03,39%
Palm Beach Atlantic University West Palm Beach,Florida,925,1180,20,26,,96%
Florida Gulf Coast University,Florida,1400,1640,20,24,3.37,68%
Florida College,Florida,930,1160,20,26,,68%
Florida Christian College,Florida,850,1090,17,24,,35%
Webber International University,Florida,672,1077,17,24,2.23,67%
Northwood University Florida,Florida,1210,1500,17,23,3.15,54%
Warner University,Florida,820,990,17,21,,52%
Edward Waters College,Florida,1050,1310,15,18,,28%
Trinity Baptist College,Florida,1063,1430,14,23,,65%
Bethune Cookman University,Florida,730,910,15,18,2.89,73%
Florida Hospital College of Health Sciences,Florida,786,970,17,20,,96%
Carlos Albizu University Miami,Florida,,,,,,56%
Florida Memorial University,Florida,,,,,,90%
Keiser University Ft Lauderdale,Florida,,,,,,96%
Remington College Tampa Campus,Florida,,,,,,66%
Ringling College of Art and Design,Florida,,,,,3.21,75%
Saint Leo University,Florida,,,,,3.5,85%
Saint John Vianney College Seminary,Florida,,,,,,86%
Trinity College of Florida,Florida,,,,,3.24,22%
Hodges University,Florida,,,,,,71%
Beacon College,Florida,,,,,2.9,36%
Johnson & Wales University North Miami,Florida,,,,,3.05,56%
Embry Riddle Aeronautical University Worldwide,Florida,,,,,,95%
Remington College,Florida,,,,,,62%
Emory University,Georgia,1910,2190,29,32,3.8,27%
Georgia Institute of Technology Main Campus,Georgia,1870,2160,28,32,3.95,51%
University of Georgia,Georgia,1710,2000,26,30,3.86,63%
Spelman College,Georgia,930,1110,20,24,3.55,38%
Covenant College,Georgia,1590,1950,23,28,3.6,57%
Mercer University,Georgia,1080,1270,23,28,3.71,63%
Savannah College of Art and Design,Georgia,1410,1770,21,27,3.46,63%
Berry College,Georgia,1580,1880,24,29,3.73,66%
North Georgia College & State University,Georgia,1010,1200,21,26,3.2,56%
Georgia College & State University,Georgia,1560,1830,22,26,3.4,66%
Georgia Southern University,Georgia,1520,1760,21,25,3.24,49%
Georgia State University,Georgia,960,1170,20,25,3.34,51%
LaGrange College,Georgia,910,1090,19,23,3.34,49%
Toccoa Falls College,Georgia,900,1160,17,23,3.37,41%
Wesleyan College,Georgia,1300,1670,17,22,,50%
Piedmont College,Georgia,890,1100,19,24,3.4,56%
Morehouse College,Georgia,1330,1660,18,23,3.24,66%
Brenau University,Georgia,870,1050,19,21,,30%
Kennesaw State University,Georgia,1460,1740,21,24,3.22,62%
Reinhardt University,Georgia,852,1176,18,25,3.02,53%
Valdosta State University,Georgia,1400,1660,20,24,3.15,59%
Oglethorpe University,Georgia,1520,1850,22,27,,83%
Emmanuel College,Georgia,830,1040,,,3.22,51%
Shorter University,Georgia,1230,1560,18,23,3.25,64%
Albany State University,Georgia,820,950,17,20,2.94,29%
Columbus State University,Georgia,1290,1620,19,23,3.15,52%
Southern Polytechnic State University,Georgia,1030,1230,22,26,3.28,79%
Dalton State College,Georgia,,,,,3.12,43%
Clayton State University,Georgia,1280,1530,18,21,3.0,40%
Fort Valley State University,Georgia,750,910,,,,32%
University of West Georgia,Georgia,1290,1540,18,22,3.11,56%
Young Harris College,Georgia,1300,1610,18,24,3.28,50%
Augusta State University,Georgia,880,1080,18,22,,55%
Point University,Georgia,840,1045,18,22,3.27,56%
Macon State College,Georgia,810,1020,16,20,2.99,47%
Georgia Southwestern State University,Georgia,860,1040,18,22,3.17,66%
Gordon College,Georgia,750,950,15,19,,43%
Armstrong State University,Georgia,910,1090,19,23,3.24,74%
Clark Atlanta University,Georgia,770,940,17,21,3.05,68%
Paine College,Georgia,1010,1280,14,18,2.95,69%
Truett McConnell College,Georgia,1240,1570,17,22,3.24,86%
Abraham Baldwin Agricultural College,Georgia,810,990,16,21,,69%
Savannah State University,Georgia,1140,1370,16,19,2.74,80%
Gainesville State College,Georgia,1250,1600,17,23,,99%
Brewton Parker College,Georgia,1180,1470,17,20,3.04,92%
College of Coastal Georgia,Georgia,840,1050,17,22,,88%
Agnes Scott College,Georgia,,,,,3.69,62%
Life University,Georgia,,,,,2.98,71%
Middle Georgia College,Georgia,,,,,,86%
Thomas University,Georgia,,,,,,66%
Brigham Young University Hawaii,Hawaii,950,1170,21,26,,23%
University of Hawaii at Manoa,Hawaii,1450,1760,21,27,3.46,78%
University of Hawaii at Hilo,Hawaii,1240,1600,19,23,3.34,72%
Hawaii Pacific University,Hawaii,870,1110,19,25,3.39,72%
Chaminade University of Honolulu,Hawaii,870,1060,19,23,3.29,87%
University of Hawaii West Oahu,Hawaii,1180,1450,16,22,,72%
Remington College Honolulu Campus,Hawaii,,,,,,65%
New Hope Christian College,Hawaii,,,,,,59%
The College of Idaho,Idaho,1380,1730,21,27,3.6,65%
University of Idaho,Idaho,1420,1750,20,26,3.39,61%
Northwest Nazarene University,Idaho,1380,1730,21,28,3.56,67%
Brigham Young University Idaho,Idaho,890,1120,20,25,3.4,99%
Boise State University,Idaho,920,1150,20,26,3.4,85%
Boise Bible College,Idaho,1310,1650,17,23,,98%
Lewis Clark State College,Idaho,820,1030,18,22,3.07,99%
University of Chicago,Illinois,2140,2370,32,35,4.0,13%
Northwestern University,Illinois,2080,2320,31,34,,18%
Illinois Wesleyan University,Illinois,1080,1360,25,30,3.5,60%
University of Illinois at Urbana Champaign,Illinois,1840,2120,26,31,,63%
Illinois Institute of Technology,Illinois,1680,2020,25,30,3.92,54%
Loyola University Chicago,Illinois,1570,1890,24,29,3.65,58%
Wheaton College,Illinois,1810,2130,27,32,3.71,69%
Bradley University,Illinois,1500,1890,23,28,3.69,63%
Lewis University,Illinois,1360,1680,21,26,3.39,56%
DePaul University,Illinois,1050,1260,23,28,3.65,62%
Millikin University,Illinois,1380,1740,21,26,3.36,55%
North Central College,Illinois,,,22,27,3.59,60%
University of Illinois at Springfield,Illinois,905,1288,20,27,3.44,56%
Dominican University,Illinois,1460,1730,20,24,3.59,57%
University of St Francis,Illinois,1380,1830,21,25,3.43,52%
North Park University,Illinois,935,1168,19,25,3.16,42%
Eureka College,Illinois,1660,1900,19,26,3.28,73%
University of Illinois at Chicago,Illinois,1000,1240,21,26,3.29,64%
Elmhurst College,Illinois,900,1130,21,26,3.32,68%
Saint Xavier University,Illinois,1350,1655,19,24,,49%
Northern Illinois University,Illinois,1330,1660,19,24,3.15,56%
Concordia University Chicago,Illinois,890,1170,20,24,3.02,55%
Greenville College,Illinois,1347,1715,19,25,3.38,61%
VanderCook College of Music,Illinois,,,24,29,3.48,65%
Blackburn College,Illinois,1020,1190,19,25,3.32,61%
School of the Art Institute of Chicago,Illinois,900,1340,18,28,3.4,78%
Illinois State University,Illinois,,,22,26,3.36,74%
Judson University,Illinois,960,1130,18,27,3.31,65%
Moody Bible Institute,Illinois,,,,,,85%
McKendree University,Illinois,1370,1570,20,25,3.4,66%
Olivet Nazarene University,Illinois,,,21,27,,79%
Southern Illinois University Carbondale,Illinois,920,1210,19,25,2.86,51%
Trinity Christian College,Illinois,1340,1880,20,25,3.38,82%
Eastern Illinois University,Illinois,,,19,24,3.33,65%
Lincoln Christian University,Illinois,1140,1291,19,24,3.29,67%
Trinity International University Illinois,Illinois,930,1160,20,25,,91%
Rockford College,Illinois,1226,1746,19,25,3.1,40%
Monmouth College,Illinois,1440,1620,20,25,3.2,62%
Northeastern Illinois University,Illinois,,,16,21,2.87,63%
Western Illinois University,Illinois,,,18,23,3.11,63%
Roosevelt University,Illinois,1400,1800,19,25,3.2,76%
Southern Illinois University Edwardsville,Illinois,1410,1730,20,25,,82%
Benedictine University,Illinois,,,19,25,,76%
Aurora University,Illinois,920,1120,19,24,,75%
Chicago State University,Illinois,880,1040,17,20,,38%
Lexington College,Illinois,,,15,20,,45%
Quincy University,Illinois,910,1070,20,25,3.39,91%
MacMurray College,Illinois,750,1010,19,22,2.73,66%
Hebrew Theological College,Illinois,1370,1720,18,24,,87%
Methodist College of Nursing,Illinois,,,21,23,,83%
Lincoln College,Illinois,,,16,19,,73%
Augustana College,Illinois,,,,,3.16,69%
Illinois College,Illinois,1240,1630,19,25,3.56,58%
Knox College,Illinois,,,,,,78%
Lake Forest College,Illinois,1530,1850,23,28,3.63,57%
National Louis University,Illinois,,,,,,51%
Robert Morris University Illinois,Illinois,,,,,2.73,28%
Shimer College,Illinois,,,,,3.13,71%
University of Notre Dame,Indiana,1340,1520,32,34,,23%
DePauw University,Indiana,1600,1960,25,29,3.75,62%
Rose Hulman Institute of Technology,Indiana,1180,1420,27,32,3.96,65%
Purdue University Main Campus,Indiana,1600,1950,24,30,3.7,61%
Goshen College,Indiana,950,1250,21,30,3.5,60%
Butler University,Indiana,1580,1900,25,30,3.77,66%
Hanover College,Indiana,1480,1770,23,28,3.67,64%
Wabash College,Indiana,,,,,3.67,67%
Indiana University Bloomington,Indiana,1570,1910,24,30,3.62,74%
Anderson University,Indiana,940,1140,21,25,3.4,54%
Taylor University,Indiana,1530,1930,24,31,3.71,84%
Valparaiso University,Indiana,1490,1790,23,29,3.6,80%
Marian University,Indiana,920,1120,19,25,3.4,55%
Saint Mary's College,Indiana,1490,1810,23,28,3.69,85%
University of Evansville,Indiana,1470,1820,23,29,3.74,80%
Indiana Wesleyan University,Indiana,1410,1740,21,27,3.59,73%
Saint Josephs College,Indiana,890,1080,19,24,3.2,62%
Ball State University,Indiana,1460,1730,20,24,3.42,61%
Oakland City University,Indiana,1280,1590,19,24,3.15,48%
Manchester College,Indiana,1310,1670,19,25,3.36,65%
University of Saint Francis Fort Wayne,Indiana,1320,1580,19,23,3.2,51%
Huntington University,Indiana,1303,1680,21,27,3.46,97%
Bethel College Mishawaka,Indiana,1330,1680,20,27,3.49,73%
Grace College and Theological Seminary,Indiana,917,1150,20,26,3.47,91%
University of Indianapolis,Indiana,1350,1650,19,25,3.45,73%
Saint Mary of the Woods College,Indiana,1180,1530,15,22,3.16,64%
Franklin College,Indiana,1340,1650,19,24,3.4,65%
Trine University,Indiana,970,1190,21,27,3.5,72%
Indiana University Purdue University Indianapolis,Indiana,1320,1660,19,25,3.33,67%
Purdue University Calumet Campus,Indiana,870,1080,,,3.08,47%
Indiana University East,Indiana,1220,1520,18,23,3.17,60%
Calumet College of Saint Joseph,Indiana,1120,1382,15,20,2.5,34%
University of Southern Indiana,Indiana,1320,1640,19,24,3.2,72%
Indiana University Northwest,Indiana,1170,1520,17,23,2.82,69%
Indiana Institute of Technology,Indiana,785,1050,17,23,2.93,64%
Indiana University Purdue University Fort Wayne,Indiana,1320,1610,19,24,3.19,82%
Indiana University South Bend,Indiana,1260,1560,18,23,3.06,72%
Purdue University North Central Campus,Indiana,1270,1560,17,23,2.93,71%
Indiana University Kokomo,Indiana,1260,1550,18,23,3.06,70%
Holy Cross College,Indiana,1270,1600,19,26,3.05,83%
Indiana University Southeast,Indiana,1260,1560,17,23,3.08,78%
Indiana State University,Indiana,1190,1510,16,22,3.06,86%
Earlham College,Indiana,1670,1980,26,31,3.5,75%
Trine University Regional/Non Traditional Campuses,Indiana,,,,,,30%
Grinnell College,Iowa,1250,1500,28,32,,32%
Cornell College,Iowa,1540,1950,23,29,3.53,53%
Drake University,Iowa,1070,1320,25,30,3.7,66%
Coe College,Iowa,1446,2023,23,28,3.58,67%
Luther College,Iowa,1393,1828,23,29,3.66,70%
University of Iowa,Iowa,1160,1300,25,28,3.61,78%
Central College,Iowa,920,1200,21,26,3.61,65%
Northwestern College,Iowa,1313,1745,21,27,3.53,74%
Wartburg College,Iowa,1200,1650,21,26,3.47,70%
Dordt College,Iowa,1420,1830,21,28,3.5,78%
Iowa State University,Iowa,990,1300,22,28,3.6,86%
Loras College,Iowa,828,1135,21,26,3.42,68%
Graceland University Lamoni,Iowa,763,1050,18,24,3.28,48%
Morningside College,Iowa,,,20,25,3.38,63%
Saint Ambrose University,Iowa,,,20,25,3.28,73%
Faith Baptist Bible College and Theological Seminary,Iowa,1330,1650,19,25,3.39,65%
Simpson College,Iowa,,,21,27,,89%
University of Northern Iowa,Iowa,500,640,20,24,3.21,78%
Upper Iowa University,Iowa,,,19,24,3.21,62%
Buena Vista University,Iowa,,,20,25,3.4,71%
Clarke University,Iowa,945,1080,20,25,3.52,74%
Mount Mercy University,Iowa,,,20,23,3.4,70%
Iowa Wesleyan College,Iowa,1276,1421,19,24,2.99,56%
William Penn University,Iowa,760,1050,17,22,,54%
University of Dubuque,Iowa,800,1010,17,22,3.0,77%
Grand View University,Iowa,1140,1370,19,23,3.2,92%
Allen College,Iowa,,,,,,11%
AIB College of Business,Iowa,,,,,3.09,73%
Maharishi University of Management,Iowa,,,,,3.1,48%
Mercy College of Health Sciences,Iowa,,,,,,84%
Benedictine College,Kansas,1000,1285,22,28,,61%
Newman University,Kansas,1310,1700,20,27,3.55,45%
Bethel College North Newton,Kansas,1190,1610,19,26,3.37,65%
Sterling College,Kansas,1360,1580,19,25,3.3,46%
University of Saint Mary,Kansas,850,1020,19,24,3.29,46%
University of Kansas,Kansas,,,22,28,3.5,93%
Bethany College,Kansas,1200,1490,18,23,3.2,58%
Kansas Wesleyan University,Kansas,890,1030,20,24,,48%
Friends University,Kansas,770,1038,18,24,3.29,58%
McPherson College,Kansas,975,1100,19,24,,60%
Baker University,Kansas,1340,1700,21,26,3.47,84%
Emporia State University,Kansas,913,1073,19,25,3.31,72%
MidAmerica Nazarene University,Kansas,840,1050,19,21,,71%
Southwestern College,Kansas,1236,1581,20,25,3.44,88%
Tabor College,Kansas,820,1040,18,27,3.25,85%
Pittsburg State University,Kansas,,,19,24,3.3,79%
Wichita State University,Kansas,937,1212,21,26,3.47,95%
Fort Hays State University,Kansas,,,18,24,3.25,81%
Washburn University,Kansas,,,,,3.4,96%
Kansas State University,Kansas,,,,,3.47,99%
Ottawa University Ottawa,Kansas,1140,1550,19,25,,96%
Centre College,Kentucky,1660,2020,26,31,,68%
Asbury University,Kentucky,1008,1240,21,27,3.66,63%
University of Kentucky,Kentucky,990,1240,22,28,3.46,68%
Transylvania University,Kentucky,1030,1290,24,30,3.7,85%
Brescia University,Kentucky,460,550,19,24,,16%
Kentucky Wesleyan College,Kentucky,1300,1755,19,25,3.27,21%
Alice Lloyd College,Kentucky,1330,1600,18,24,,38%
University of Louisville,Kentucky,1450,1770,22,28,3.53,73%
Bellarmine University,Kentucky,980,1180,22,27,3.51,86%
Georgetown College,Kentucky,870,1170,21,26,3.33,82%
Kentucky Christian University,Kentucky,1100,1540,18,24,3.15,58%
Spalding University,Kentucky,880,1045,18,22,3.22,29%
Campbellsville University,Kentucky,1220,1550,18,24,3.2,67%
Midway College,Kentucky,1390,1770,19,25,3.28,69%
Murray State University,Kentucky,870,1060,19,25,3.39,83%
Northern Kentucky University,Kentucky,870,1110,19,25,3.24,64%
Eastern Kentucky University,Kentucky,1320,1640,19,24,3.22,66%
Thomas More College,Kentucky,860,1080,20,25,3.3,88%
Western Kentucky University,Kentucky,830,1150,18,25,3.2,92%
University of the Cumberlands,Kentucky,860,1050,19,25,3.3,69%
Kentucky State University,Kentucky,1016,1318,16,20,2.44,45%
Morehead State University,Kentucky,1295,1655,19,25,3.35,93%
Kentucky Mountain Bible College,Kentucky,,,16,23,3.08,69%
Union College,Kentucky,877,1076,19,24,3.25,77%
Mid Continent University,Kentucky,1110,1480,15,24,,87%
Tulane University of Louisiana,Louisiana,1870,2120,29,32,3.5,27%
Centenary College of Louisiana,Louisiana,975,1185,22,28,3.53,64%
University of New Orleans,Louisiana,960,1210,21,25,3.21,49%
Louisiana State University and Agricultural & Mechanical College,Louisiana,1020,1250,23,28,3.45,80%
Xavier University of Louisiana,Louisiana,1280,1640,20,26,3.37,64%
Louisiana Tech University,Louisiana,940,1190,21,26,3.43,71%
University of Louisiana at Lafayette,Louisiana,940,1190,21,25,3.2,60%
Southeastern Louisiana University,Louisiana,,,20,24,3.13,46%
Loyola University New Orleans,Louisiana,1030,1250,22,28,3.54,66%
McNeese State University,Louisiana,940,1110,20,24,3.36,69%
Louisiana College,Louisiana,1220,1440,18,23,3.17,76%
Dillard University,Louisiana,770,950,17,20,3.0,28%
Southern University at New Orleans,Louisiana,1220,1900,15,18,,17%
Southern University and A & M College,Louisiana,400,520,17,20,,42%
Grambling State University,Louisiana,740,920,16,20,2.9,42%
Louisiana State University Alexandria,Louisiana,,,18,22,,61%
Our Lady of the Lake College,Louisiana,,,20,23,3.32,66%
Louisiana State University Shreveport,Louisiana,960,1050,20,24,3.23,86%
Northwestern State University of Louisiana,Louisiana,873,1068,19,24,3.24,85%
University of Louisiana Monroe,Louisiana,940,1220,20,25,3.35,91%
Nicholls State University,Louisiana,1311,1664,20,24,3.19,92%
Bowdoin College,Maine,2050,2280,30,33,,16%
Colby College,Maine,1880,2150,28,32,,29%
Maine Maritime Academy,Maine,1350,1660,20,24,,66%
University of Maine,Maine,1430,1780,21,26,3.22,78%
University of New England,Maine,950,1150,21,26,3.26,86%
University of Maine at Machias,Maine,1210,1560,18,25,,83%
Thomas College,Maine,1180,1480,16,21,,67%
Saint Joseph's College of Maine,Maine,1300,1580,,,,80%
University of Southern Maine,Maine,1330,1650,20,25,3.01,80%
Husson University,Maine,1270,1610,17,21,3.22,77%
University of Maine at Fort Kent,Maine,1210,1500,18,27,3.1,69%
College of the Atlantic,Maine,,,,,3.56,71%
Bates College,Maine,,,,,,27%
University of Maine at Farmington,Maine,,,,,2.98,88%
Maine College of Art,Maine,,,,,,98%
Unity College,Maine,,,,,,88%
New England School of Communications,Maine,,,,,,61%
Johns Hopkins University,Maryland,1980,2260,30,34,3.74,18%
University of Maryland College Park,Maryland,1200,1420,,,4.11,47%
Maryland Institute College of Art,Maryland,1580,1950,,,3.45,52%
St Mary's College of Maryland,Maryland,1650,1970,25,30,,61%
Loyola University Maryland,Maryland,1100,1267,25,29,3.45,65%
Salisbury University,Maryland,1610,1840,22,26,3.71,53%
McDaniel College,Maryland,1000,1210,21,27,3.5,64%
Mount St Mary's University,Maryland,1480,1770,17,23,3.42,55%
University of Maryland Baltimore County,Maryland,1640,1950,24,29,3.76,60%
Washington College,Maryland,1550,1890,24,29,3.53,66%
Towson University,Maryland,1490,1750,21,25,3.61,52%
United States Naval Academy,Maryland,1180,1380,,,,7%
Notre Dame of Maryland University,Maryland,930,1150,20,23,3.68,53%
Hood College,Maryland,1370,1710,18,25,3.52,77%
Stevenson University,Maryland,1340,1640,18,23,3.2,59%
Washington Adventist University,Maryland,,,,,,43%
Frostburg State University,Maryland,1280,1580,18,22,3.13,59%
Bowie State University,Maryland,1200,1430,17,20,,48%
University of Baltimore,Maryland,1240,1550,,,2.91,65%
Coppin State University,Maryland,810,950,,,,35%
Capitol College,Maryland,930,1190,15,26,,89%
University of Maryland Eastern Shore,Maryland,1170,1420,16,19,2.9,57%
Morgan State University,Maryland,1210,1460,16,19,2.65,59%
Goucher College,Maryland,,,,,3.2,73%
Ner Israel Rabbinical College,Maryland,,,,,,75%
St John's College,Maryland,,,,,,82%
Harvard University,Massachusetts,2120,2400,32,35,4.04,6%
Massachusetts Institute of Technology,Massachusetts,2120,2350,33,35,,9%
Amherst College,Massachusetts,2020,2290,30,34,,13%
Williams College,Massachusetts,2010,2340,30,34,,17%
Franklin W. Olin College of Engineering,Massachusetts,2098,2330,31,34,3.9,19%
Tufts University,Massachusetts,2050,2290,30,33,,21%
Boston College,Massachusetts,1910,2180,30,33,,29%
Wellesley College,Massachusetts,1980,2270,29,33,,30%
Babson College,Massachusetts,1730,2020,26,30,3.6,29%
Brandeis University,Massachusetts,1850,2190,28,32,3.87,39%
Northeastern University,Massachusetts,1940,2200,30,33,,32%
Bentley University,Massachusetts,1690,1960,26,30,,45%
Boston University,Massachusetts,1780,2080,26,30,3.59,49%
Gordon College,Massachusetts,1522,1940,22,29,3.56,40%
Emerson College,Massachusetts,1720,1990,26,30,3.6,48%
Simmons College,Massachusetts,1570,1890,23,28,3.4,48%
The Boston Conservatory,Massachusetts,,,,,,41%
Emmanuel College,Massachusetts,1510,1780,21,26,3.6,50%
University of Massachusetts Amherst,Massachusetts,1110,1310,24,29,3.73,63%
Wentworth Institute of Technology,Massachusetts,1480,1770,21,27,2.99,61%
Bay Path College,Massachusetts,1250,1620,18,22,3.2,61%
Endicott College,Massachusetts,1460,1730,21,25,3.25,63%
Stonehill College,Massachusetts,1540,1850,22,28,3.34,80%
University of Massachusetts Lowell,Massachusetts,1030,1230,22,28,3.29,66%
Massachusetts College of Art and Design,Massachusetts,1460,1770,22,27,3.37,71%
Framingham State University,Massachusetts,1420,1690,19,25,3.16,58%
Springfield College,Massachusetts,920,1130,20,25,,67%
Lesley University,Massachusetts,1440,1760,21,26,3.02,64%
Massachusetts Maritime Academy,Massachusetts,1400,1680,20,24,3.15,72%
Western New England University,Massachusetts,960,1180,22,26,3.32,79%
Wheelock College,Massachusetts,1340,1630,19,25,3.1,69%
Massachusetts College of Pharmacy and Health Sciences,Massachusetts,1470,1790,21,26,,90%
Westfield State University,Massachusetts,910,1090,17,22,3.08,64%
Eastern Nazarene College,Massachusetts,1220,1620,17,24,3.0,60%
Massachusetts College of Liberal Arts,Massachusetts,930,1130,20,25,3.1,72%
University of Massachusetts Boston,Massachusetts,900,1130,,,,61%
Regis College,Massachusetts,1260,1580,19,23,3.02,73%
University of Massachusetts Dartmouth,Massachusetts,1420,1720,21,25,3.35,70%
College of Our Lady of the Elms,Massachusetts,1230,1570,16,22,,80%
Fitchburg State University,Massachusetts,1320,1620,18,22,3.1,70%
Suffolk University,Massachusetts,1330,1690,20,25,,78%
Bridgewater State University,Massachusetts,890,1090,19,24,3.2,73%
Becker College,Massachusetts,1313,1650,19,24,3.02,62%
Worcester State University,Massachusetts,1370,1650,20,24,3.18,68%
Nichols College,Massachusetts,1250,1522,19,23,2.63,74%
Mount Ida College,Massachusetts,1180,1470,15,20,2.6,61%
Salem State University,Massachusetts,890,1080,19,24,3.09,67%
Lasell College,Massachusetts,880,1070,18,23,2.83,70%
Dean College,Massachusetts,1120,1410,15,19,2.4,70%
Fisher College,Massachusetts,730,920,,,2.27,64%
Newbury College Brookline,Massachusetts,1140,1400,,,2.65,62%
Anna Maria College,Massachusetts,,,,,2.81,68%
Curry College,Massachusetts,840,1035,16,20,2.72,71%
Pine Manor College,Massachusetts,990,1300,,,,59%
American International College,Massachusetts,1160,1480,16,21,2.57,74%
Boston Baptist College,Massachusetts,860,930,,,,98%
Assumption College,Massachusetts,,,,,3.32,75%
Berklee College of Music,Massachusetts,,,,,,43%
Laboure College,Massachusetts,,,,,,27%
Clark University,Massachusetts,,,,,3.58,70%
Hampshire College,Massachusetts,,,,,3.45,64%
College of the Holy Cross,Massachusetts,,,,,,34%
Longy School of Music,Massachusetts,,,,,,85%
Merrimack College,Massachusetts,,,,,,77%
Mount Holyoke College,Massachusetts,,,,,3.74,42%
School of the Museum of Fine Arts Boston,Massachusetts,,,,,,89%
The New England Conservatory of Music,Massachusetts,,,,,,30%
Bard College at Simon's Rock,Massachusetts,,,,,3.43,93%
Smith College,Massachusetts,,,,,3.92,43%
Wheaton College,Massachusetts,,,,,3.5,60%
Worcester Polytechnic Institute,Massachusetts,,,,,3.9,53%
University of Michigan Ann Arbor,Michigan,1910,2210,28,32,3.82,37%
Andrews University,Michigan,1380,1800,20,26,3.49,36%
Kalamazoo College,Michigan,1630,2010,25,30,,69%
Kettering University,Michigan,1030,1290,24,29,3.61,62%
Calvin College,Michigan,1048,1310,23,29,3.67,75%
University of Detroit Mercy,Michigan,1460,1860,22,28,,62%
Michigan State University,Michigan,1430,1850,23,28,3.62,71%
Lawrence Technological University,Michigan,1520,1840,22,28,3.4,51%
College for Creative Studies,Michigan,,,18,25,3.16,45%
Albion College,Michigan,1030,1170,22,28,3.5,70%
Michigan Technological University,Michigan,1590,1945,24,29,3.6,75%
Alma College,Michigan,1410,1810,22,27,3.5,72%
Hope College,Michigan,1050,1340,24,29,3.73,85%
Spring Arbor University,Michigan,1425,1685,20,26,3.39,70%
Adrian College,Michigan,810,970,19,24,,57%
University of Michigan Dearborn,Michigan,968,1260,22,27,3.54,62%
Grand Valley State University,Michigan,1425,1795,21,26,3.52,82%
Oakland University,Michigan,,,20,26,3.37,62%
University of Michigan Flint,Michigan,1561,1996,18,24,3.27,74%
Kuyper College,Michigan,1240,1690,18,25,3.18,63%
Central Michigan University,Michigan,868,1113,20,24,3.32,69%
Northwood University Michigan,Michigan,860,1150,20,24,3.25,68%
Aquinas College,Michigan,,,21,26,3.46,79%
Cleary University,Michigan,1455,1625,18,23,3.0,76%
Cornerstone University,Michigan,1363,1768,21,26,3.49,71%
Eastern Michigan University,Michigan,1330,1680,19,24,3.23,60%
Olivet College,Michigan,790,900,17,22,,53%
Rochester College,Michigan,,,18,24,,89%
Northern Michigan University,Michigan,,,19,25,3.13,68%
Western Michigan University,Michigan,,,19,25,3.28,83%
Ferris State University,Michigan,,,19,24,,71%
Siena Heights University,Michigan,842,1097,19,23,3.2,63%
Wayne State University,Michigan,,,19,26,3.22,81%
Lake Superior State University,Michigan,1410,1730,20,25,3.22,89%
Marygrove College,Michigan,,,14,18,3.0,53%
Concordia University Ann Arbor,Michigan,,,19,24,2.2,86%
Saginaw Valley State University,Michigan,,,18,24,,85%
Davenport University,Michigan,,,,,,95%
Grace Bible College,Michigan,,,,,,82%
Madonna University,Michigan,1490,1840,19,25,3.3,70%
Finlandia University,Michigan,,,17,22,,78%
Michigan Jewish Institute,Michigan,,,,,,76%
Carleton College,Minnesota,2000,2270,29,33,,26%
Macalester College,Minnesota,1860,2170,29,32,,37%
University of Minnesota Twin Cities,Minnesota,1740,2100,26,30,,50%
St Olaf College,Minnesota,1760,2110,26,31,3.62,60%
Gustavus Adolphus College,Minnesota,1080,1340,24,30,3.66,63%
University of Minnesota Morris,Minnesota,1550,1970,23,28,3.62,60%
Northwestern College,Minnesota,966,1313,22,27,3.51,60%
Minneapolis College of Art and Design,Minnesota,1470,1800,20,26,3.13,61%
Bethel University,Minnesota,1020,1250,22,28,3.51,71%
St Catherine University,Minnesota,970,1170,20,25,3.61,59%
Hamline University,Minnesota,1450,1850,21,27,3.48,70%
College of Saint Benedict,Minnesota,1413,1773,23,28,3.67,77%
Saint Johns University,Minnesota,1415,1810,23,28,3.51,75%
Augsburg College,Minnesota,985,1213,20,25,,51%
Concordia College at Moorhead,Minnesota,990,1280,22,28,3.62,78%
The College of Saint Scholastica,Minnesota,1230,1540,21,26,3.49,78%
University of St Thomas,Minnesota,1040,1280,23,28,3.55,87%
Crown College,Minnesota,765,890,18,24,3.36,56%
Martin Luther College,Minnesota,,,22,27,3.49,97%
Winona State University,Minnesota,,,21,25,3.3,62%
Bethany Lutheran College,Minnesota,,,20,26,3.33,78%
University of Minnesota Rochester,Minnesota,1610,1970,23,27,,62%
University of Minnesota Duluth,Minnesota,1360,1780,22,26,3.43,78%
Bemidji State University,Minnesota,,,19,23,3.1,42%
Saint Mary's University of Minnesota,Minnesota,920,1140,20,26,,79%
Minnesota State University Mankato,Minnesota,,,20,24,,66%
University of Minnesota Crookston,Minnesota,1220,1540,19,24,3.16,73%
Minnesota State University Moorhead,Minnesota,930,1150,20,25,,84%
North Central University,Minnesota,900,1110,19,26,3.14,97%
Southwest Minnesota State University,Minnesota,,,19,24,,70%
Saint Cloud State University,Minnesota,875,1138,19,24,3.14,90%
Oak Hills Christian College,Minnesota,,,16,23,,69%
Herzing University Minneapolis,Minnesota,,,,,,82%
Crossroads College,Minnesota,,,,,,94%
Northwestern Health Sciences University,Minnesota,,,,,,56%
Dunwoody College of Technology,Minnesota,,,,,,69%
Millsaps College,Mississippi,1018,1250,23,28,3.55,55%
University of Mississippi,Mississippi,980,1190,21,27,3.5,61%
Mississippi State University,Mississippi,970,1250,20,28,3.32,62%
William Carey University,Mississippi,,,20,28,,27%
Mississippi College,Mississippi,928,1176,21,27,3.49,58%
Belhaven University,Mississippi,902,1180,19,25,3.32,46%
Mississippi University for Women,Mississippi,990,1120,18,24,,44%
University of Southern Mississippi,Mississippi,910,1110,20,27,3.15,65%
Tougaloo College,Mississippi,722,984,15,21,,37%
Jackson State University,Mississippi,,,17,21,2.93,24%
Mississippi Valley State University,Mississippi,,,15,19,2.74,24%
Alcorn State University,Mississippi,810,940,16,19,2.96,47%
Delta State University,Mississippi,865,1045,18,22,3.11,89%
Rust College,Mississippi,970,1160,13,14,2.7,33%
Washington University in St Louis,Missouri,2120,2320,32,34,,18%
Saint Louis University Main Campus,Missouri,1080,1320,25,30,3.77,64%
William Jewell College,Missouri,1008,1315,22,28,3.68,61%
College of the Ozarks,Missouri,1455,1656,20,25,,9%
Webster University,Missouri,1460,1840,21,27,3.46,59%
University of Missouri Kansas City,Missouri,1000,1330,21,27,3.31,52%
Truman State University,Missouri,1080,1330,25,30,,74%
Maryville University of Saint Louis,Missouri,980,1220,23,27,3.7,71%
Rockhurst University,Missouri,1010,1289,23,28,3.67,78%
Westminster College,Missouri,1280,1690,21,27,3.44,72%
University of Missouri Columbia,Missouri,1040,1290,23,28,,81%
Missouri University of Science and Technology,Missouri,1130,1360,25,31,3.6,89%
University of Missouri St Louis,Missouri,510,590,21,26,3.46,69%
Avila University,Missouri,850,1140,20,24,3.25,60%
Hannibal LaGrange University,Missouri,850,1140,19,25,,68%
Stephens College,Missouri,1290,1800,19,26,3.3,70%
Drury University,Missouri,1505,1870,22,28,3.7,87%
Evangel University,Missouri,1330,1760,19,26,,67%
Fontbonne University,Missouri,1370,1800,21,25,,63%
Saint Louis Christian College,Missouri,,,18,23,2.76,27%
Lindenwood University,Missouri,1310,1650,20,25,3.2,66%
St Louis College of Pharmacy,Missouri,1210,1390,25,29,3.74,70%
Northwest Missouri State University,Missouri,930,1170,20,25,3.36,70%
Missouri State University Springfield,Missouri,950,1220,21,26,3.58,83%
Calvary Bible College and Theological Seminary,Missouri,1360,1773,18,26,,73%
William Woods University,Missouri,932,1137,19,26,3.5,80%
Central Methodist University College of Liberal Arts & Sciences,Missouri,1220,1490,19,24,3.42,67%
Cottey College,Missouri,1350,1670,19,25,,66%
Missouri Baptist University,Missouri,810,1040,19,24,,58%
Southwest Baptist University,Missouri,830,1110,20,26,3.46,90%
Culver Stockton College,Missouri,900,1080,18,23,3.15,62%
Southeast Missouri State University,Missouri,895,1150,20,25,3.3,97%
Missouri Valley College,Missouri,1190,1360,18,21,,52%
Park University,Missouri,,,,,,69%
University of Central Missouri,Missouri,,,18,24,3.27,82%
Messenger College,Missouri,,,,,,90%
Conception Seminary College,Missouri,,,22,29,,94%
Midwestern Baptist Theological Seminary,Missouri,820,1170,19,25,,90%
Missouri Southern State University,Missouri,,,18,24,3.2,96%
Cox College,Missouri,1240,1880,13,22,,50%
Central Christian College of the Bible,Missouri,,,,,,48%
Montana State University,Montana,1500,1860,21,27,3.3,58%
Carroll College,Montana,1490,1820,22,26,3.54,63%
Rocky Mountain College,Montana,1330,1685,19,25,3.29,64%
Montana Tech of the University of Montana,Montana,1500,1810,21,27,3.49,89%
The University of Montana,Montana,1440,1800,21,26,,94%
Montana State University Northern,Montana,1140,1480,17,22,,78%
University of Nebraska Lincoln,Nebraska,1010,1330,22,28,,64%
Creighton University,Nebraska,1560,1920,24,30,3.75,78%
Nebraska Methodist College of Nursing & Allied Health,Nebraska,,,21,25,3.41,51%
Nebraska Wesleyan University,Nebraska,990,1210,22,26,,79%
Doane College Crete,Nebraska,1305,1540,21,26,3.5,76%
Hastings College,Nebraska,910,1070,21,26,3.44,72%
Union College,Nebraska,880,1140,19,26,3.3,45%
Concordia University Seward,Nebraska,890,1180,21,27,3.6,76%
Grace University,Nebraska,1233,1491,19,24,,62%
York College,Nebraska,750,1010,17,22,,56%
Clarkson College,Nebraska,,,22,26,,67%
University of Nebraska at Kearney,Nebraska,860,1070,20,25,3.39,85%
College of Saint Mary,Nebraska,,,20,26,3.6,52%
University of Nebraska at Omaha,Nebraska,,,20,26,3.4,80%
Midland University,Nebraska,,,18,23,,98%
BryanLGH College of Health Sciences,Nebraska,,,22,24,,84%
University of Nevada Reno,Nevada,1420,1750,21,26,3.37,82%
University of Nevada Las Vegas,Nevada,1310,1640,19,24,3.25,81%
Nevada State College,Nevada,,,,,,49%
Dartmouth College,New Hampshire,2030,2350,30,34,,10%
Saint Anselm College,New Hampshire,1580,1850,23,27,3.22,75%
University of New Hampshire Main Campus,New Hampshire,1000,1200,,,,78%
University of New Hampshire at Manchester,New Hampshire,1330,1700,,,,67%
Southern New Hampshire University,New Hampshire,1300,1590,,,3.0,83%
Plymouth State University,New Hampshire,1280,1590,18,23,2.89,76%
Keene State College,New Hampshire,1310,1620,,,,78%
Franklin Pierce University,New Hampshire,1300,1600,16,21,,85%
Rivier College,New Hampshire,1290,1520,17,21,2.87,82%
Colby Sawyer College,New Hampshire,,,,,3.22,85%
New England College,New Hampshire,,,,,2.66,72%
Princeton University,New Jersey,2120,2390,31,35,3.87,8%
Stevens Institute of Technology,New Jersey,1210,1390,27,32,,40%
The College of New Jersey,New Jersey,1690,2010,,,,46%
Rutgers University New Brunswick,New Jersey,1630,1980,,,,61%
Ramapo College of New Jersey,New Jersey,1480,1790,20,26,3.27,47%
Rowan University,New Jersey,1480,1820,,,,56%
New Jersey Institute of Technology,New Jersey,1500,1840,22,29,,64%
The Richard Stockton College of New Jersey,New Jersey,1460,1740,20,24,,57%
Rutgers University Newark,New Jersey,1440,1718,,,,58%
Monmouth University,New Jersey,1450,1720,22,25,3.4,71%
Drew University,New Jersey,1490,1830,22,27,3.32,85%
Rutgers University Camden,New Jersey,1390,1700,,,,62%
Seton Hall University,New Jersey,1520,1820,22,27,,84%
Montclair State University,New Jersey,1310,1590,,,3.2,55%
Rider University,New Jersey,1390,1720,19,25,3.3,72%
Fairleigh Dickinson University College at Florham,New Jersey,1370,1690,,,3.1,63%
William Paterson University of New Jersey,New Jersey,920,1100,,,3.14,61%
College of Saint Elizabeth,New Jersey,1140,1450,,,,53%
Caldwell College,New Jersey,830,1060,16,25,3.47,61%
Saint Peter's College,New Jersey,1230,1490,16,21,3.06,61%
New Jersey City University,New Jersey,820,1013,,,,44%
Georgian Court University,New Jersey,1170,1510,,,,65%
Fairleigh Dickinson University Metropolitan Campus,New Jersey,1320,1620,,,3.2,67%
Kean University,New Jersey,810,1000,,,3.0,68%
Bloomfield College,New Jersey,760,910,,,2.6,55%
Centenary College,New Jersey,1220,1630,18,23,,89%
Felician College,New Jersey,1150,1460,15,23,2.9,90%
Bais Medrash Toras Chesed,New Jersey,,,,,,45%
New Mexico Institute of Mining and Technology,New Mexico,1120,1350,23,29,3.68,71%
University of New Mexico Main Campus,New Mexico,940,1210,19,25,3.3,64%
New Mexico State University Main Campus,New Mexico,1230,1600,18,24,,80%
Eastern New Mexico University Main Campus,New Mexico,820,1080,17,22,3.21,66%
St John's College,New Mexico,,,,,,84%
Columbia University in the City of New York,New York,2080,2350,31,34,,7%
Cornell University,New York,1970,2270,30,34,,17%
Barnard College,New York,1890,2180,28,32,3.84,23%
Hamilton College,New York,1950,2200,29,33,,27%
Vassar College,New York,1970,2220,30,33,3.8,23%
Colgate University,New York,1270,1460,30,32,3.64,29%
Cooper Union for the Advancement of Science and Art,New York,1830,2220,29,33,3.6,8%
United States Military Academy,New York,1730,2050,27,30,,9%
New York University,New York,1890,2190,28,32,3.6,35%
University of Rochester,New York,1870,2150,29,32,3.8,35%
Rensselaer Polytechnic Institute,New York,1290,1488,27,31,3.81,44%
Jewish Theological Seminary of America,New York,1865,2110,30,32,,52%
Skidmore College,New York,1700,2040,26,30,,42%
SUNY at Binghamton,New York,1800,2055,27,30,3.6,41%
Fordham University,New York,1740,2030,26,30,3.59,43%
SUNY at Geneseo,New York,1180,1390,27,29,3.6,43%
CUNY Bernard M Baruch College,New York,1130,1320,,,,22%
Stony Brook University,New York,1690,2000,26,30,3.8,40%
New York School of Interior Design,New York,1330,1590,,,3.39,36%
Syracuse University,New York,1560,1900,23,28,3.6,51%
SUNY College of Environmental Science and Forestry,New York,1060,1260,23,27,3.8,51%
State University of New York at New Paltz,New York,1540,1820,23,27,,40%
Rochester Institute of Technology,New York,1630,1950,25,31,3.6,58%
University at Buffalo,New York,1050,1260,23,28,3.2,57%
Roberts Wesleyan College,New York,1360,1730,20,25,3.39,47%
SUNY at Purchase College,New York,1470,1780,21,26,3.2,33%
SUNY College at Oneonta,New York,1510,1760,22,25,3.6,44%
Pratt Institute Main,New York,1510,1890,23,28,3.63,56%
Siena College,New York,1500,1810,22,27,3.5,63%
SUNY College of Technology at Alfred,New York,1000,1180,21,26,,51%
Ithaca College,New York,,,,,,65%
CUNY Hunter College,New York,1060,1260,,,3.1,27%
CUNY Queens College,New York,1020,1180,,,3.6,31%
SUNY at Albany,New York,1010,1190,22,26,3.5,51%
SUNY College at Cortland,New York,980,1130,21,25,,44%
CUNY Brooklyn College,New York,1000,1200,,,,28%
SUNY College at Brockport,New York,1410,1710,21,26,3.06,46%
SUNY College at Oswego,New York,1040,1180,22,26,3.5,48%
Adelphi University,New York,1530,1830,19,24,3.5,66%
St John's University New York,New York,970,1210,21,27,3.4,49%
Wells College,New York,1410,1750,21,26,3.5,62%
Hofstra University,New York,1070,1260,23,28,3.51,59%
Albany College of Pharmacy and Health Sciences,New York,1630,1890,24,29,3.7,67%
Saint John Fisher College,New York,1450,1730,22,27,3.5,64%
SUNY College at Plattsburgh,New York,930,1120,20,24,3.22,46%
Polytechnic Institute of New York University,New York,1740,2050,28,32,,67%
The New School,New York,1015,1240,22,28,,65%
SUNY at Fredonia,New York,940,1150,21,26,3.3,55%
Wagner College,New York,1570,1890,22,27,3.6,72%
Yeshiva University,New York,1640,2040,23,29,3.51,84%
Clarkson University,New York,1585,1885,24,28,3.56,76%
CUNY City College,New York,990,1230,,,,31%
Houghton College,New York,1450,1835,21,28,3.53,73%
Le Moyne College,New York,980,1170,21,26,3.42,70%
Molloy College,New York,1440,1710,20,25,3.0,74%
SUNY Institute of Technology at Utica Rome,New York,950,1130,22,26,,39%
Alfred University,New York,1000,1200,22,27,3.18,70%
Canisius College,New York,980,1200,22,27,3.6,74%
The King?s College,New York,1570,1870,24,28,,71%
Niagara University,New York,930,1120,21,25,3.4,69%
Saint Joseph's College New York,New York,1410,1710,21,25,3.25,71%
SUNY Maritime College,New York,1360,1730,20,26,,58%
Saint Bonaventure University,New York,1380,1750,21,27,3.3,79%
CUNY Lehman College,New York,940,1100,,,,20%
Elmira College,New York,950,1150,20,27,3.24,89%
Marymount Manhattan College,New York,1400,1740,21,26,,72%
SUNY College at Buffalo,New York,890,1060,,,3.2,46%
Hartwick College,New York,1490,1830,23,27,3.2,85%
New York Institute of Technology,New York,930,1150,20,24,3.5,66%
Manhattanville College,New York,1440,1760,,,3.0,69%
Saint Thomas Aquinas College,New York,1240,1560,17,20,,78%
SUNY College at Old Westbury,New York,1350,1600,19,22,3.1,52%
Farmingdale State College,New York,880,1050,19,23,3.3,46%
Davis College,New York,1210,1700,15,18,,47%
SUNY College of Technology at Delhi,New York,,,,,,51%
Mount Saint Mary College,New York,910,1090,20,24,3.1,81%
CUNY John Jay College of Criminal Justice,New York,860,1040,,,2.72,43%
Iona College,New York,900,1110,20,24,3.0,87%
Cazenovia College,New York,,,,,3.22,71%
Concordia College New York,New York,1250,1485,16,20,,72%
Pace University New York,New York,940,1140,21,25,3.3,84%
Medaille College,New York,760,970,,,,60%
Maria College of Albany,New York,1097,1440,17,22,,16%
CUNY York College,New York,830,980,,,,33%
D'Youville College,New York,1400,1680,20,25,,82%
Long Island University C W Post Campus,New York,1300,1590,19,23,2.9,79%
The College of New Rochelle,New York,1340,1565,22,25,,56%
Morrisville State College,New York,840,1030,17,21,,66%
Utica College,New York,1230,1550,18,23,2.94,81%
Vaughn College of Aeronautics and Technology,New York,885,1093,,,,83%
St. Francis College,New York,1270,1550,,,,74%
SUNY College of Agriculture and Technology at Cobleskill,New York,900,1080,16,22,,75%
Nyack College,New York,770,1055,17,22,2.74,93%
Paul Smiths College of Arts and Science,New York,880,1060,20,25,,74%
CUNY College of Staten Island,New York,910,1090,,,2.98,99%
Dominican College of Blauvelt,New York,1200,1450,18,23,2.83,69%
College of Mount Saint Vincent,New York,1250,1510,17,23,3.3,92%
CUNY New York City College of Technology,New York,843,1030,,,,87%
Long Island University Brooklyn Campus,New York,1190,1540,17,22,2.9,83%
CUNY Medgar Evers College,New York,750,925,,,,93%
American Musical and Dramatic Academy,New York,,,,,,43%
Bard College,New York,,,,,3.5,35%
Metropolitan College of New York,New York,,,,,,46%
Culinary Institute of America,New York,,,,,3.1,81%
Daemen College,New York,,,,,3.62,50%
Dowling College,New York,,,,,2.7,79%
Fashion Institute of Technology,New York,,,,,,43%
Hilbert College,New York,,,,,3.1,77%
Hobart William Smith Colleges,New York,,,,,3.32,53%
The Juilliard School,New York,,,,,,7%
Keuka College,New York,,,,,3.1,65%
Manhattan School of Music,New York,,,,,,37%
Marist College,New York,,,,,3.3,31%
Mercy College,New York,,,,,2.9,64%
Mesivta Torah Vodaath Rabbinical Seminary,New York,,,,,,92%
Mesivtha Tifereth Jerusalem of America,New York,,,,,,94%
Nazareth College,New York,,,,,,71%
The Sage Colleges,New York,,,,,3.2,55%
St Lawrence University,New York,,,,,3.49,48%
Sarah Lawrence College,New York,,,,,3.6,60%
SUNY College of Technology at Canton,New York,,,,,,67%
SUNY College at Potsdam,New York,,,,,3.2,65%
SUNY Empire State College,New York,,,,,,80%
Touro College,New York,,,,,3.5,66%
Trocaire College,New York,,,,,,93%
Union College,New York,1810,2090,28,31,3.5,38%
Villa Maria College,New York,,,,,,81%
Yeshiva Karlin Stolin,New York,,,,,,91%
Yeshiva Shaar Hatorah,New York,,,,,,68%
Rabbinical College of Ohr Shimon Yisroel,New York,,,,,,86%
New York College of Health Professions,New York,,,,,,81%
Yeshiva Shaarei Torah of Rockland,New York,,,,,,86%
Duke University,North Carolina,2040,2330,30,34,,14%
Davidson College,North Carolina,1840,2150,29,33,3.9,25%
University of North Carolina at Chapel Hill,North Carolina,1780,2100,28,32,4.6,33%
Elon University,North Carolina,1680,1980,23,26,3.99,52%
Campbell University,North Carolina,1155,1950,17,27,,29%
North Carolina State University at Raleigh,North Carolina,1660,1930,25,30,4.37,53%
University of North Carolina at Wilmington,North Carolina,1620,1850,22,26,4.06,53%
University of North Carolina School of the Arts,North Carolina,1490,1850,20,26,3.67,42%
Queens University of Charlotte,North Carolina,1400,1700,21,26,3.57,53%
Appalachian State University,North Carolina,1560,1830,24,28,4.05,62%
Catawba College,North Carolina,870,1100,,,2.36,45%
University of North Carolina at Asheville,North Carolina,1620,1910,24,27,3.98,68%
Salem College,North Carolina,1000,1200,22,27,,61%
Western Carolina University,North Carolina,1380,1660,20,24,3.67,39%
Meredith College,North Carolina,930,1140,20,25,3.24,62%
Guilford College,North Carolina,1390,1770,20,26,3.16,80%
East Carolina University,North Carolina,1430,1660,21,24,3.59,61%
University of North Carolina at Greensboro,North Carolina,1370,1660,21,25,3.64,59%
Barton College,North Carolina,1230,1500,18,22,3.07,44%
University of North Carolina at Charlotte,North Carolina,1450,1710,20,25,3.82,70%
Greensboro College,North Carolina,1170,1500,15,21,,47%
Montreat College,North Carolina,820,1080,17,23,3.13,54%
Warren Wilson College,North Carolina,1530,1860,23,27,3.5,96%
Gardner Webb University,North Carolina,1330,1670,19,25,3.72,83%
Piedmont International University,North Carolina,680,1020,15,23,,53%
Wingate University,North Carolina,1340,1650,19,24,3.34,81%
Belmont Abbey College,North Carolina,868,1070,18,24,3.13,64%
Lenoir Rhyne University,North Carolina,880,1080,18,23,3.7,67%
Mount Olive College,North Carolina,820,1020,17,20,,54%
Brevard College,North Carolina,850,1050,18,22,2.97,54%
Johnson C Smith University,North Carolina,733,920,15,19,2.97,38%
Pfeiffer University,North Carolina,1250,1560,18,22,3.5,60%
Elizabeth City State University,North Carolina,1150,1360,16,18,4.0,50%
Methodist University,North Carolina,1260,1550,18,23,3.24,61%
Mid Atlantic Christian University,North Carolina,700,1030,14,20,2.91,42%
North Carolina Central University,North Carolina,1160,1380,16,19,3.1,52%
Cabarrus College of Health Sciences,North Carolina,890,1050,21,25,,52%
William Peace University,North Carolina,810,1030,16,21,3.07,59%
Winston Salem State University,North Carolina,1220,1420,16,19,3.15,56%
Saint Augustines College,North Carolina,665,858,13,17,2.37,47%
Mars Hill College,North Carolina,830,1040,17,23,3.23,68%
North Carolina Wesleyan College,North Carolina,770,970,15,20,,54%
North Carolina A & T State University,North Carolina,1210,1450,17,21,2.68,66%
Chowan University,North Carolina,1040,1290,14,17,2.64,58%
Fayetteville State University,North Carolina,1140,1350,17,19,2.95,64%
Lees McRae College,North Carolina,,,,,3.14,68%
Livingstone College,North Carolina,950,1210,13,16,,64%
University of North Carolina at Pembroke,North Carolina,1230,1490,18,21,3.29,70%
Bennett College for Women,North Carolina,,,,,,71%
Laurel University,North Carolina,,,,,,52%
Shaw University,North Carolina,,,,,2.36,48%
Wake Forest University,North Carolina,,,,,,34%
Johnson & Wales University Charlotte,North Carolina,,,,,3.15,56%
University of North Dakota,North Dakota,1420,1750,21,26,,71%
University of Mary,North Dakota,900,1130,20,25,,75%
Minot State University,North Dakota,866,1043,19,24,3.31,54%
Jamestown College,North Dakota,860,1100,21,24,3.2,56%
North Dakota State University Main Campus,North Dakota,1430,1855,21,26,3.41,84%
Dickinson State University,North Dakota,1210,1513,18,23,,67%
Valley City State University,North Dakota,1240,1410,18,23,3.15,81%
Oberlin College,Ohio,1915,2185,28,32,3.57,31%
Kenyon College,Ohio,1860,2140,28,32,3.9,36%
Denison University,Ohio,1190,1330,27,31,3.6,50%
Case Western Reserve University,Ohio,1890,2190,29,33,,54%
University of Dayton,Ohio,1520,1820,24,29,3.64,55%
The College of Wooster,Ohio,1660,1980,25,30,3.66,58%
Ohio State University Main Campus,Ohio,1700,2040,27,31,,64%
Xavier University,Ohio,1500,1800,23,27,3.62,68%
Miami University Oxford,Ohio,1120,1330,25,30,3.63,73%
Baldwin Wallace College,Ohio,950,1200,21,27,3.5,65%
Cedarville University,Ohio,1600,1910,24,29,3.64,75%
Franciscan University of Steubenville,Ohio,1050,1270,23,28,3.69,76%
University of Cincinnati Main Campus,Ohio,1490,1860,22,28,3.46,68%
Hiram College,Ohio,1310,1740,19,25,,62%
Bluffton University,Ohio,870,1140,19,25,3.23,58%
Ohio Wesleyan University,Ohio,1480,1860,22,27,3.4,74%
Ohio Northern University,Ohio,1520,1890,23,29,3.7,81%
Capital University,Ohio,1400,1790,21,27,3.44,75%
Cleveland Institute of Art,Ohio,1370,1820,19,26,,71%
The University of Findlay,Ohio,1430,1710,21,26,3.3,68%
John Carroll University,Ohio,1470,1790,22,27,3.53,81%
Malone University,Ohio,923,1136,19,26,3.3,70%
Mount Vernon Nazarene University,Ohio,950,1200,20,26,3.34,73%
Wittenberg University,Ohio,1040,1240,23,25,3.4,91%
Kettering College of Medical Arts,Ohio,1400,1850,20,22,,22%
Marietta College,Ohio,940,1290,21,27,3.41,68%
Ohio University Main Campus,Ohio,1440,1780,22,26,3.42,78%
Otterbein University,Ohio,1450,1745,21,26,3.5,76%
Art Academy of Cincinnati,Ohio,1350,1640,19,24,,26%
Ashland University,Ohio,1310,1630,20,25,3.3,71%
University of Mount Union,Ohio,980,1120,20,25,3.23,74%
Ohio Dominican University,Ohio,1350,1640,20,24,3.34,66%
Tiffin University,Ohio,860,1063,18,23,3.02,51%
Walsh University,Ohio,920,1150,20,25,3.35,78%
College of Mount St. Joseph,Ohio,780,1070,19,24,3.2,70%
Lake Erie College,Ohio,1275,1575,19,23,,63%
Bowling Green State University Main Campus,Ohio,1330,1710,19,24,3.3,74%
Defiance College,Ohio,790,1080,18,23,3.03,62%
Muskingum University,Ohio,1200,1560,18,24,3.2,77%
Ursuline College,Ohio,1350,1810,19,24,3.34,58%
Cincinnati Christian University,Ohio,1263,1645,18,24,3.12,67%
Notre Dame College,Ohio,816,1020,18,22,,51%
Mount Carmel College of Nursing,Ohio,,,20,24,3.5,73%
Cleveland State University,Ohio,910,1150,19,25,3.19,63%
Columbus College of Art and Design,Ohio,1380,1760,19,25,3.12,87%
Kent State University at Kent,Ohio,1390,1700,20,25,3.31,87%
Central State University,Ohio,730,920,15,19,2.6,37%
Ohio Christian University,Ohio,1140,1450,17,23,,72%
University of Akron Main Campus,Ohio,920,1200,18,25,3.0,97%
Wilmington College,Ohio,850,1120,19,24,3.2,92%
Cleveland Institute of Music,Ohio,,,,,,38%
Mercy College of Ohio,Ohio,,,,,,60%
Wilberforce University,Ohio,,,,,,42%
University of Tulsa,Oklahoma,1130,1400,25,32,3.8,41%
Oklahoma Christian University,Oklahoma,1350,1800,22,28,3.5,45%
Oklahoma City University,Oklahoma,1470,1850,23,29,3.59,70%
University of Oklahoma Norman Campus,Oklahoma,1030,1280,23,29,3.59,79%
Oral Roberts University,Oklahoma,910,1130,20,25,3.45,59%
Oklahoma State University Main Campus,Oklahoma,1010,1220,22,28,3.53,78%
Oklahoma Baptist University,Oklahoma,930,1200,21,27,3.64,62%
University of Science and Arts of Oklahoma,Oklahoma,905,1075,18,24,3.43,39%
Oklahoma Wesleyan University,Oklahoma,1240,1580,18,24,,51%
Saint Gregorys University,Oklahoma,,,,,3.29,43%
Hillsdale Free Will Baptist College,Oklahoma,1025,1410,18,20,,45%
Rogers State University,Oklahoma,,,17,23,,55%
Bacone College,Oklahoma,735,995,15,19,,39%
Southwestern Christian University,Oklahoma,1270,1750,17,23,,88%
University of Central Oklahoma,Oklahoma,,,20,24,3.3,79%
Northwestern Oklahoma State University,Oklahoma,,,17,22,3.22,73%
Oklahoma Panhandle State University,Oklahoma,,,16,21,,61%
Southeastern Oklahoma State University,Oklahoma,,,18,22,3.27,75%
Southwestern Oklahoma State University,Oklahoma,,,18,24,3.4,91%
Northeastern State University,Oklahoma,,,18,23,3.31,76%
East Central University,Oklahoma,800,1090,18,23,3.3,95%
Reed College,Oregon,1918,2190,28,33,3.9,36%
University of Portland,Oregon,1090,1300,,,3.63,67%
Corban University,Oregon,1400,1748,20,26,3.57,34%
Willamette University,Oregon,1615,1950,24,29,3.69,83%
University of Oregon,Oregon,990,1220,22,27,3.6,73%
Concordia University Portland,Oregon,890,1100,18,24,3.42,53%
George Fox University,Oregon,1400,1790,20,26,3.56,75%
Linfield College McMinnville Campus,Oregon,1450,1770,21,26,3.66,83%
Oregon State University,Oregon,970,1230,21,27,3.56,78%
Pacific University,Oregon,990,1210,21,27,3.6,85%
Warner Pacific College,Oregon,,,,,3.17,58%
Portland State University,Oregon,920,1170,,,3.38,66%
Multnomah University,Oregon,1480,1820,19,27,3.43,71%
Oregon Institute of Technology,Oregon,1320,1660,20,25,,64%
Eastern Oregon University,Oregon,1230,1550,,,3.1,65%
Southern Oregon University,Oregon,1340,1670,,,3.3,75%
Northwest Christian University,Oregon,1315,1605,18,23,3.39,66%
Western Oregon University,Oregon,830,1070,,,3.2,88%
New Hope Christian College,Oregon,,,,,,29%
Lewis & Clark College,Oregon,1760,2060,26,31,3.9,64%
Mount Angel Seminary,Oregon,,,,,,87%
Oregon College of Art and Craft,Oregon,,,,,3.0,82%
Pacific Northwest College of Art,Oregon,,,,,,58%
University of Pennsylvania,Pennsylvania,2050,2320,30,34,3.9,13%
Swarthmore College,Pennsylvania,2030,2300,31,34,,14%
Haverford College,Pennsylvania,1970,2240,30,33,,23%
Carnegie Mellon University,Pennsylvania,1990,2280,30,34,3.69,28%
Bucknell University,Pennsylvania,1800,2090,27,32,3.54,27%
Lafayette College,Pennsylvania,1760,2060,27,31,3.46,34%
Lehigh University,Pennsylvania,1220,1410,28,32,,33%
Bryn Mawr College,Pennsylvania,1830,2190,27,32,,41%
Dickinson College,Pennsylvania,1780,2045,27,31,,40%
Gettysburg College,Pennsylvania,1200,1370,27,29,3.4,40%
Muhlenberg College,Pennsylvania,1710,2010,25,31,3.29,46%
Villanova University,Pennsylvania,1810,2090,29,31,3.86,46%
Penn State Main Campus,Pennsylvania,1630,1940,25,29,3.59,52%
University of Pittsburgh Pittsburgh Campus,Pennsylvania,1730,2000,26,30,3.97,58%
Allegheny College,Pennsylvania,1590,1920,23,29,3.74,63%
Juniata College,Pennsylvania,,,,,3.74,66%
Messiah College,Pennsylvania,1530,1880,23,29,3.73,64%
Westminster College,Pennsylvania,1365,1710,20,25,3.46,57%
Arcadia University,Pennsylvania,1490,1768,22,27,3.65,57%
Ursinus College,Pennsylvania,1590,1920,24,30,,70%
Bryn Athyn College of the New Church,Pennsylvania,1340,1660,20,25,,45%
University of the Sciences,Pennsylvania,1600,1890,23,27,3.61,63%
West Chester University of Pennsylvania,Pennsylvania,1510,1780,,,3.52,50%
Albright College,Pennsylvania,930,1130,20,25,3.33,47%
Elizabethtown College,Pennsylvania,1000,1230,21,28,,70%
Misericordia University,Pennsylvania,970,1140,20,26,3.3,59%
Lebanon Valley College,Pennsylvania,1000,1220,22,27,,65%
Drexel University,Pennsylvania,1590,1940,24,30,3.6,75%
Saint Vincent College,Pennsylvania,1365,1720,20,25,3.53,66%
Susquehanna University,Pennsylvania,1510,1840,23,27,3.33,76%
DeSales University,Pennsylvania,930,1190,22,26,,72%
Geneva College,Pennsylvania,1400,1760,20,26,,72%
Temple University,Pennsylvania,1510,1840,22,27,3.41,67%
Duquesne University,Pennsylvania,1530,1810,22,27,3.7,75%
Edinboro University of Pennsylvania,Pennsylvania,1220,1540,17,22,3.14,44%
Saint Joseph's University,Pennsylvania,1530,1800,22,26,3.51,78%
Lycoming College,Pennsylvania,1380,1700,21,26,3.44,72%
The University of the Arts,Pennsylvania,890,1130,18,25,,69%
Eastern University,Pennsylvania,1420,1700,18,24,3.44,67%
Millersville University of Pennsylvania,Pennsylvania,1360,1650,19,24,,63%
Baptist Bible College and Seminary,Pennsylvania,1323,1656,20,24,3.31,41%
Mercyhurst College,Pennsylvania,1400,1720,21,26,3.37,77%
University of Scranton,Pennsylvania,1030,1210,22,27,3.37,89%
Bloomsburg University of Pennsylvania,Pennsylvania,1330,1610,19,23,3.3,63%
Lancaster Bible College,Pennsylvania,1300,1680,16,22,,52%
Rosemont College,Pennsylvania,800,1040,19,23,3.2,50%
Moore College of Art and Design,Pennsylvania,850,1100,18,29,,54%
Penn State Erie Behrend College,Pennsylvania,1390,1700,19,25,3.25,83%
Philadelphia Biblical University Langhorne,Pennsylvania,873,1138,18,26,3.23,74%
Saint Francis University,Pennsylvania,1390,1660,20,25,3.57,74%
Waynesburg University,Pennsylvania,890,1110,20,25,3.57,76%
Marywood University,Pennsylvania,1410,1720,,,3.36,69%
York College Pennsylvania,Pennsylvania,1400,1688,20,25,3.54,74%
La Roche College,Pennsylvania,1180,1510,17,24,3.19,52%
Philadelphia University,Pennsylvania,1430,1730,21,25,3.43,64%
Wilson College,Pennsylvania,1290,1680,19,24,,62%
Slippery Rock University of Pennsylvania,Pennsylvania,1360,1620,19,23,3.4,61%
Cedar Crest College,Pennsylvania,1250,1560,17,24,3.26,61%
Delaware Valley University,Pennsylvania,1300,1663,19,25,3.51,74%
Gannon University,Pennsylvania,930,1150,20,26,3.52,83%
Indiana University of Pennsylvania Main Campus,Pennsylvania,1320,1590,17,22,,58%
Point Park University,Pennsylvania,1310,1650,19,25,3.21,76%
Seton Hill University,Pennsylvania,1340,1720,19,26,3.54,66%
Valley Forge Christian College,Pennsylvania,890,1040,19,25,,72%
Carlow University,Pennsylvania,1275,1555,17,23,,49%
Penn State Altoona,Pennsylvania,1320,1620,19,23,3.04,84%
Penn State Harrisburg,Pennsylvania,1330,1690,22,24,3.08,79%
Clarion University of Pennsylvania,Pennsylvania,1180,1530,,,3.21,47%
Wilkes University,Pennsylvania,1400,1730,,,,76%
California University of Pennsylvania,Pennsylvania,1290,1580,17,21,3.1,59%
Pennsylvania College of Health Sciences,Pennsylvania,850,1060,,,,28%
La Salle University,Pennsylvania,880,1100,19,25,3.29,74%
Lincoln University of Pennsylvania,Pennsylvania,1140,1400,15,20,2.8,25%
Penn State Hazleton,Pennsylvania,1230,1560,20,24,,87%
Penn State Berks,Pennsylvania,1280,1620,19,25,3.02,82%
Robert Morris University,Pennsylvania,1390,1690,21,24,3.46,82%
Gwynedd Mercy College,Pennsylvania,1270,1570,16,22,3.23,66%
Lock Haven University,Pennsylvania,1250,1530,17,23,3.28,61%
Widener University Main Campus,Pennsylvania,920,1130,,,3.4,66%
Holy Family University,Pennsylvania,1260,1530,16,22,3.06,67%
Penn State New Kensington,Pennsylvania,1270,1640,16,27,,80%
Kutztown University of Pennsylvania,Pennsylvania,1290,1560,18,22,3.17,68%
Mansfield University of Pennsylvania,Pennsylvania,1250,1570,19,23,3.31,69%
Cabrini College,Pennsylvania,1160,1500,17,23,3.0,73%
University of Pittsburgh Bradford,Pennsylvania,1270,1600,19,23,3.18,69%
University of Pittsburgh Johnstown,Pennsylvania,1360,1660,20,24,3.4,88%
Penn State Wilkes Barre,Pennsylvania,1280,1620,19,23,,88%
Shippensburg University of Pennsylvania,Pennsylvania,1320,1600,18,22,3.2,81%
Thiel College,Pennsylvania,870,1060,18,23,3.07,65%
University of Pittsburgh Greensburg,Pennsylvania,1370,1630,20,24,3.46,86%
East Stroudsburg University of Pennsylvania,Pennsylvania,880,1010,18,22,,81%
Immaculata University,Pennsylvania,1270,1580,18,21,3.23,80%
Penn State York,Pennsylvania,1265,1630,21,25,,79%
Penn State Beaver,Pennsylvania,1230,1570,16,24,,86%
Alvernia University,Pennsylvania,1330,1600,18,22,3.27,80%
Penn State Shenango,Pennsylvania,1170,1470,15,22,,74%
Penn State Dubois,Pennsylvania,1220,1575,20,22,,88%
Penn State Lehigh Valley,Pennsylvania,1300,1650,19,28,2.98,87%
Neumann University,Pennsylvania,1150,1420,16,20,2.88,79%
Penn State Abington,Pennsylvania,1210,1570,18,24,3.12,78%
Penn State Mont Alto,Pennsylvania,1220,1595,20,23,,85%
Penn State Worthington Scranton,Pennsylvania,1240,1550,19,22,,82%
Chestnut Hill College,Pennsylvania,1270,1580,19,23,3.24,90%
Penn State Greater Allegheny,Pennsylvania,1220,1580,18,24,,81%
Penn State Schuylkill,Pennsylvania,1080,1445,18,21,2.75,79%
Penn State Brandywine,Pennsylvania,1270,1610,17,23,,83%
Mount Aloysius College,Pennsylvania,1195,1490,18,22,3.3,76%
Penn State Fayette Eberly Campus,Pennsylvania,1200,1570,18,21,,90%
Keystone College,Pennsylvania,1190,1490,17,21,,91%
Chatham University,Pennsylvania,,,,,3.6,60%
Franklin and Marshall College,Pennsylvania,,,,,,39%
King's College,Pennsylvania,,,,,3.34,70%
Moravian College and Moravian Theological Seminary,Pennsylvania,,,,,3.38,78%
Pennsylvania Academy of the Fine Arts,Pennsylvania,,,,,,94%
Pennsylvania College of Art and Design,Pennsylvania,,,,,,40%
Talmudical Yeshiva of Philadelphia,Pennsylvania,,,,,,88%
Washington & Jefferson College,Pennsylvania,,,,,3.33,41%
Brown University,Rhode Island,2000,2310,29,34,,10%
Rhode Island School of Design,Rhode Island,1640,2070,24,32,3.5,25%
Providence College,Rhode Island,1580,1900,23,28,3.37,61%
Salve Regina University,Rhode Island,1525,1790,23,26,3.2,70%
Bryant University,Rhode Island,1550,1810,23,27,3.3,77%
University of Rhode Island,Rhode Island,1450,1750,22,26,3.3,85%
Rhode Island College,Rhode Island,1230,1560,17,22,,73%
Johnson & Wales University Providence,Rhode Island,,,,,3.12,71%
Roger Williams University,Rhode Island,,,,,3.23,77%
Clemson University,South Carolina,1640,1950,26,31,4.18,63%
Wofford College,South Carolina,1600,1880,24,29,3.54,63%
University of South Carolina Columbia,South Carolina,1100,1290,24,29,4.15,63%
Presbyterian College,South Carolina,1000,1210,22,28,3.47,58%
Converse College,South Carolina,960,1160,21,26,3.89,51%
Furman University,South Carolina,1120,1340,25,30,,77%
North Greenville University,South Carolina,1360,2000,21,29,3.4,60%
College of Charleston,South Carolina,1070,1260,23,28,3.84,74%
Columbia International University,South Carolina,1400,1790,19,25,3.66,64%
Columbia College,South Carolina,920,1130,20,24,3.71,65%
Erskine College and Seminary,South Carolina,910,1110,19,24,3.0,66%
Citadel Military College of South Carolina,South Carolina,1430,1750,21,25,3.53,77%
Winthrop University,South Carolina,920,1140,19,25,3.81,71%
Newberry College,South Carolina,1200,1560,17,22,3.32,34%
Anderson University,South Carolina,1420,1760,21,26,3.5,71%
University of South Carolina Aiken,South Carolina,1280,1600,18,23,3.58,51%
Lander University,South Carolina,1243,1550,18,22,3.66,42%
Coker College,South Carolina,870,1050,18,22,2.97,58%
Claflin University,South Carolina,760,1000,15,21,3.28,39%
Francis Marion University,South Carolina,1220,1560,17,22,3.61,59%
Limestone College,South Carolina,930,1090,20,23,3.18,53%
University of South Carolina Upstate,South Carolina,880,1070,19,23,3.7,65%
Coastal Carolina University,South Carolina,910,1080,19,23,3.4,75%
Charleston Southern University,South Carolina,870,1080,18,23,,82%
Southern Wesleyan University,South Carolina,1188,1560,15,22,,96%
University of South Carolina Beaufort,South Carolina,830,1010,18,22,3.3,75%
South Carolina State University,South Carolina,825,852,17,19,2.9,97%
Voorhees College,South Carolina,,,,,2.72,81%
University of South Dakota,South Dakota,890,1200,21,26,3.36,49%
University of Sioux Falls,South Dakota,1240,1450,20,26,,56%
Augustana College,South Dakota,,,21,27,3.69,76%
South Dakota School of Mines and Technology,South Dakota,1060,1290,24,28,3.5,88%
Dakota Wesleyan University,South Dakota,810,1170,19,27,,73%
Mount Marty College,South Dakota,,,20,25,3.43,71%
South Dakota State University,South Dakota,900,1190,20,25,3.32,92%
Northern State University,South Dakota,790,1120,19,25,3.14,90%
Presentation College,South Dakota,1130,1390,18,22,,74%
Dakota State University,South Dakota,840,1170,19,24,3.1,89%
Black Hills State University,South Dakota,1261,1739,19,23,,91%
Vanderbilt University,Tennessee,2090,2340,32,34,3.76,14%
Rhodes College,Tennessee,1170,1370,27,31,3.78,55%
Sewanee The University of the South,Tennessee,1710,1990,26,30,3.6,59%
Baptist Memorial College of Health Sciences,Tennessee,,,22,27,3.42,25%
Lipscomb University,Tennessee,1030,1300,22,28,3.56,52%
Bryan University Dayton,Tennessee,1380,1780,20,25,,52%
Freed Hardeman University,Tennessee,950,1170,21,27,3.53,44%
Christian Brothers University,Tennessee,,,21,27,3.73,46%
Southern Adventist University,Tennessee,1380,1770,20,25,,45%
The University of Tennessee,Tennessee,1040,1290,24,29,3.85,67%
Milligan College,Tennessee,1390,1766,22,26,3.6,67%
Union University,Tennessee,1100,1350,22,29,3.67,75%
Belmont University,Tennessee,1070,1270,24,29,3.6,84%
Aquinas College,Tennessee,790,960,23,27,3.5,50%
Fisk University,Tennessee,1270,1300,17,18,2.98,11%
Johnson University,Tennessee,1420,1690,19,24,3.27,60%
Maryville College,Tennessee,900,1100,21,26,3.45,66%
Memphis College of Art,Tennessee,910,1150,19,25,3.16,50%
Trevecca Nazarene University,Tennessee,930,1160,19,26,3.3,77%
Lincoln Memorial University,Tennessee,980,1040,19,27,3.44,65%
Visible Music College,Tennessee,1030,2010,17,31,,54%
Carson Newman College,Tennessee,910,1155,20,26,3.4,66%
University of Memphis,Tennessee,1360,1780,19,25,3.33,62%
Lee University,Tennessee,950,1180,21,27,3.53,89%
Bethel University,Tennessee,835,1015,17,22,2.9,55%
Tennessee Technological University,Tennessee,920,1250,20,26,3.5,93%
Cumberland University,Tennessee,1270,1600,19,23,3.3,47%
Middle Tennessee State University,Tennessee,900,1150,19,24,3.35,67%
Tennessee Temple University,Tennessee,1160,1490,16,20,,54%
The University of Tennessee at Chattanooga,Tennessee,940,1180,21,25,3.37,76%
The University of Tennessee Martin,Tennessee,,,20,25,3.44,76%
King College,Tennessee,920,1120,20,25,3.4,72%
East Tennessee State University,Tennessee,890,1100,19,25,3.3,87%
Hiwassee College,Tennessee,560,640,16,20,,54%
O'More College of Design,Tennessee,,,20,25,,69%
Tennessee Wesleyan College,Tennessee,880,1050,19,24,3.25,76%
Tusculum College,Tennessee,840,1040,18,23,3.1,72%
Austin Peay State University,Tennessee,860,1100,19,24,3.2,83%
Watkins College of Art Design & Film,Tennessee,1255,1675,18,23,3.2,94%
Lane College,Tennessee,1280,1720,13,16,2.8,33%
Le Moyne Owen College,Tennessee,,,14,17,2.5,23%
Rice University,Texas,2040,2320,31,34,,17%
The University of Texas at Austin,Texas,1690,2060,25,31,,47%
Texas Christian University,Texas,1630,1910,25,29,,41%
Southern Methodist University,Texas,1810,2070,27,31,3.7,54%
The University of Texas at Dallas,Texas,1150,1370,25,31,3.9,52%
Austin College,Texas,1620,1960,23,27,3.56,59%
Trinity University,Texas,1150,1370,26,31,3.5,64%
Baylor University,Texas,1650,1970,24,29,,61%
Dallas Baptist University,Texas,948,1304,18,27,3.5,41%
Southwestern University,Texas,1060,1280,22,29,,61%
Abilene Christian University,Texas,1410,1740,21,27,3.58,45%
LeTourneau University,Texas,1030,1300,22,30,3.62,43%
Texas A & M University College Station,Texas,1560,1900,23,29,,67%
Saint Edward's University,Texas,1510,1820,22,26,,63%
Houston Baptist University,Texas,1410,1730,21,27,,35%
Texas Tech University,Texas,1480,1770,22,27,,64%
University of Houston,Texas,1030,1250,22,27,,56%
St. Mary's University,Texas,1400,1695,21,24,3.4,55%
University of Dallas,Texas,1620,1990,24,30,3.82,88%
Hardin Simmons University,Texas,1360,1640,20,25,3.63,54%
Dallas Christian College,Texas,1169,1489,18,22,,40%
University of North Texas,Texas,1000,1210,21,26,,64%
University of Mary Hardin Baylor,Texas,1370,1670,21,27,3.56,57%
Texas State University,Texas,1380,1670,21,25,,66%
Texas Lutheran University,Texas,1360,1680,20,25,3.7,53%
Howard Payne University,Texas,860,1050,18,22,3.5,50%
Texas A & M University Galveston,Texas,1020,1200,22,26,,55%
Concordia University Texas,Texas,930,1120,20,25,3.3,49%
Texas A & M University Commerce,Texas,880,1090,18,24,,39%
University of St Thomas,Texas,1483,1798,23,28,3.61,80%
Texas Wesleyan University,Texas,1363,1610,19,22,3.31,50%
The University of Texas at Arlington,Texas,1410,1760,20,26,,69%
Stephen F Austin State University,Texas,1310,1610,19,24,,56%
Sam Houston State University,Texas,920,1090,19,23,,65%
McMurry University,Texas,860,1090,18,24,3.52,55%
Schreiner University,Texas,1300,1610,19,24,3.52,63%
Texas A & M University Texarkana,Texas,1300,1630,19,23,,35%
Texas A & M International University,Texas,800,1011,16,20,,47%
East Texas Baptist University,Texas,880,1050,18,22,3.33,59%
Prairie View A & M University,Texas,1110,1390,15,20,3.02,39%
Tarleton State University,Texas,1290,1580,19,23,,62%
The University of Texas at Tyler,Texas,1410,1708,21,25,3.4,80%
Lubbock Christian University,Texas,1310,1690,19,24,3.37,93%
Northwood University Texas,Texas,820,1020,17,22,3.35,59%
The University of Texas Pan American,Texas,1250,1550,18,21,,68%
West Texas A & M University,Texas,860,1080,19,24,,69%
University of Houston Victoria,Texas,810,1008,16,21,,51%
Midwestern State University,Texas,1320,1610,19,23,3.43,75%
The University of Texas at San Antonio,Texas,1380,1700,20,25,,78%
Huston Tillotson University,Texas,700,900,13,17,2.8,54%
Texas Southern University,Texas,1100,1360,15,19,2.96,53%
Our Lady of the Lake University San Antonio,Texas,820,990,14,21,,65%
University of the Incarnate Word,Texas,870,1060,18,23,3.48,94%
The University of Texas of the Permian Basin,Texas,925,1120,19,23,,82%
Texas Woman's University,Texas,1240,1590,17,23,3.25,86%
Texas A & M University Corpus Christi,Texas,1270,1560,17,23,,90%
Wayland Baptist University,Texas,1180,1520,17,23,3.24,95%
Angelo State University,Texas,860,1060,18,23,,90%
Lamar University,Texas,870,1080,18,23,,88%
Sul Ross State University,Texas,1100,1460,15,21,3.06,85%
Texas A & M University Kingsville,Texas,790,1010,16,21,3.3,93%
Paul Quinn College,Texas,1100,1380,13,18,2.79,86%
Baptist Missionary Association Theological Seminary,Texas,,,,,,93%
Southwestern Assemblies of God University,Texas,,,,,,38%
The University of Texas Health Science Center at San Antonio,Texas,,,,,,80%
Brigham Young University Provo,Utah,1150,1360,26,31,3.8,55%
Westminster College,Utah,1000,1220,22,28,3.5,70%
Southern Utah University,Utah,1370,1700,20,26,3.5,57%
University of Utah,Utah,1463,1878,21,27,3.55,83%
Utah State University,Utah,970,1240,20,27,3.46,97%
Middlebury College,Vermont,1920,2230,31,33,,18%
Saint Michael's College,Vermont,1590,1920,23,28,3.46,78%
University of Vermont,Vermont,1620,1940,24,29,,77%
Champlain College,Vermont,1480,1840,22,28,3.04,74%
Norwich University,Vermont,950,1160,21,26,3.04,65%
Green Mountain College,Vermont,,,,,2.7,67%
Vermont Technical College,Vermont,1240,1560,16,21,3.01,84%
Castleton State College,Vermont,1260,1560,17,23,2.9,89%
College of St Joseph,Vermont,1030,1530,16,18,,83%
Johnson State College,Vermont,1260,1590,15,23,,97%
Lyndon State College,Vermont,1210,1560,18,21,,98%
Southern Vermont College,Vermont,1190,1458,16,20,2.8,80%
Bennington College,Vermont,,,,,3.5,63%
Burlington College,Vermont,,,,,,78%
Marlboro College,Vermont,,,,,3.11,79%
Sterling College,Vermont,,,,,,91%
Washington and Lee University,Virginia,1960,2190,30,33,,19%
College of William and Mary,Virginia,1890,2180,28,32,4.12,32%
University of Virginia Main Campus,Virginia,1870,2180,29,33,4.22,30%
University of Richmond,Virginia,1810,2100,28,31,,30%
Virginia Military Institute,Virginia,1540,1850,22,27,3.61,46%
George Mason University,Virginia,1050,1250,24,28,3.66,55%
James Madison University,Virginia,1050,1250,23,27,,61%
Hampden Sydney College,Virginia,1485,1790,22,27,3.4,56%
Virginia Polytechnic Institute and State University,Virginia,1660,1960,,,3.95,70%
Randolph Macon College,Virginia,1460,1760,21,26,3.57,54%
Christopher Newport University,Virginia,1070,1250,23,28,3.7,65%
Hollins University,Virginia,970,1220,21,27,3.5,66%
Eastern Mennonite University,Virginia,1286,1678,18,25,3.5,70%
Mary Baldwin College,Virginia,1240,1600,18,25,3.3,54%
Bridgewater College,Virginia,1360,1680,20,25,3.5,54%
University of Mary Washington,Virginia,1500,1810,22,26,3.51,77%
Roanoke College,Virginia,1470,1770,21,26,3.44,69%
Sweet Briar College,Virginia,938,1210,21,27,3.51,79%
Virginia Commonwealth University,Virginia,1490,1800,21,26,3.58,65%
Hampton University,Virginia,920,1090,18,23,3.3,36%
Emory and Henry College,Virginia,1290,1660,18,25,3.5,72%
Randolph College,Virginia,1450,1790,21,28,3.61,83%
Jefferson College of Health Sciences,Virginia,1260,1560,20,23,3.38,42%
Shenandoah University,Virginia,1320,1670,19,26,3.39,77%
Lynchburg College,Virginia,1330,1650,19,24,3.29,67%
Longwood University,Virginia,920,1090,19,23,3.37,78%
Old Dominion University,Virginia,930,1130,18,23,3.26,74%
Averett University,Virginia,1220,1530,17,22,3.17,58%
Radford University,Virginia,1340,1600,18,22,3.15,76%
Bluefield College,Virginia,800,1010,16,21,3.0,53%
Regent University,Virginia,960,1200,19,25,3.5,82%
Marymount University,Virginia,1390,1690,20,24,3.23,80%
Virginia Wesleyan College,Virginia,908,1143,18,24,3.3,86%
Southern Virginia University,Virginia,1358,1683,17,26,3.39,99%
The University of Virginia's College at Wise,Virginia,1270,1550,17,22,3.34,83%
Norfolk State University,Virginia,1180,1420,16,20,2.92,67%
Ferrum College,Virginia,1150,1450,14,20,2.81,76%
Virginia Intermont College,Virginia,790,1020,18,22,3.16,98%
Virginia State University,Virginia,1090,1335,15,18,2.8,84%
Virginia Union University,Virginia,670,840,13,17,2.61,93%
Bon Secours Memorial College of Nursing,Virginia,,,,,,33%
Averett University Non Traditional Programs,Virginia,,,,,,47%
Whitman College,Washington,1828,2123,28,32,3.74,49%
University of Puget Sound,Washington,1670,2000,25,30,,54%
University of Washington Seattle Campus,Washington,1630,2000,25,30,3.75,58%
Gonzaga University,Washington,1090,1290,25,29,3.73,62%
Seattle University,Washington,1570,1900,24,29,3.58,71%
Western Washington University,Washington,990,1220,22,28,3.42,80%
Pacific Lutheran University,Washington,1450,1810,22,28,3.66,74%
Seattle Pacific University,Washington,1530,1860,23,28,3.55,79%
Trinity Lutheran College,Washington,733,1062,,,,46%
Northwest University,Washington,1430,1740,19,28,3.46,64%
Walla Walla University,Washington,1370,1770,20,27,3.53,74%
Washington State University,Washington,1350,1700,19,25,3.3,76%
The Evergreen State College,Washington,1410,1800,20,27,3.0,98%
Central Washington University,Washington,1300,1620,18,23,3.2,80%
Saint Martin's University,Washington,1410,1750,19,25,3.45,82%
University of Washington Bothell Campus,Washington,1310,1680,19,23,3.25,74%
Eastern Washington University,Washington,1260,1610,18,23,3.24,79%
University of Washington Tacoma Campus,Washington,1250,1600,17,23,3.25,77%
Cornish College of the Arts,Washington,,,,,,62%
Whitworth University,Washington,,,,,3.74,52%
Antioch University Seattle,Washington,,,,,,72%
University of Charleston,West Virginia,830,1050,19,24,3.38,56%
Wheeling Jesuit University,West Virginia,1358,1663,20,24,3.38,66%
Ohio Valley University,West Virginia,1220,1540,19,23,3.06,42%
Alderson Broaddus College,West Virginia,1270,1540,19,24,3.2,41%
Appalachian Bible College,West Virginia,831,1063,20,26,,60%
Bethany College,West Virginia,1140,1530,17,24,2.8,43%
West Virginia University,West Virginia,930,1140,21,26,3.36,85%
West Virginia Wesleyan College,West Virginia,1292,1617,20,25,3.46,78%
West Virginia University Institute of Technology,West Virginia,900,1080,18,24,3.18,46%
Concord University,West Virginia,1260,1570,18,24,3.23,49%
Fairmont State University,West Virginia,830,1040,18,23,3.26,55%
Bluefield State College,West Virginia,1200,1440,17,21,3.36,40%
Marshall University,West Virginia,1310,1630,20,24,3.4,73%
West Liberty University,West Virginia,1210,1540,18,24,3.33,70%
Shepherd University,West Virginia,910,1100,19,24,3.27,87%
Davis & Elkins College,West Virginia,810,1060,17,23,3.17,79%
West Virginia State University,West Virginia,1145,1445,18,22,2.89,69%
Glenville State College,West Virginia,730,940,16,21,,84%
Marquette University,Wisconsin,1590,1910,25,29,,55%
University of Wisconsin Madison,Wisconsin,1740,2070,26,30,3.84,69%
Beloit College,Wisconsin,1090,1370,24,30,3.43,67%
Milwaukee School of Engineering,Wisconsin,1130,1320,25,30,3.69,57%
Wisconsin Lutheran College,Wisconsin,910,1135,21,27,3.4,68%
Carthage College,Wisconsin,1010,1180,21,27,3.31,70%
Cardinal Stritch University,Wisconsin,870,1130,20,24,3.08,42%
Ripon College,Wisconsin,1000,1310,21,28,,78%
University of Wisconsin La Crosse,Wisconsin,,,23,26,,76%
Saint Norbert College,Wisconsin,,,22,27,3.46,80%
Northland College,Wisconsin,970,1240,21,27,3.3,66%
Bellin College,Wisconsin,,,22,24,,76%
University of Wisconsin Eau Claire,Wisconsin,,,22,26,,77%
Concordia University Wisconsin,Wisconsin,1263,1680,20,25,3.34,70%
Carroll University,Wisconsin,,,21,26,3.3,78%
Edgewood College,Wisconsin,,,20,25,3.3,73%
University of Wisconsin Stevens Point,Wisconsin,,,21,25,3.45,76%
Viterbo University,Wisconsin,,,21,26,3.48,69%
Lakeland College,Wisconsin,1250,1410,19,24,3.0,60%
Maranatha Baptist Bible College,Wisconsin,1320,1690,20,26,,76%
Mount Mary College,Wisconsin,1311,1705,17,23,3.21,49%
University of Wisconsin Whitewater,Wisconsin,1410,1720,20,24,3.2,82%
University of Wisconsin Green Bay,Wisconsin,,,21,25,3.37,86%
Silver Lake College of the Holy Family,Wisconsin,1321,1441,17,23,2.98,53%
University of Wisconsin Platteville,Wisconsin,,,20,25,,97%
Marian University,Wisconsin,,,18,22,3.1,77%
University of Wisconsin Oshkosh,Wisconsin,,,20,24,3.3,84%
University of Wisconsin Stout,Wisconsin,,,20,24,3.2,88%
University of Wisconsin River Falls,Wisconsin,,,20,24,3.61,91%
Alverno College,Wisconsin,,,17,23,2.83,65%
University of Wisconsin Superior,Wisconsin,,,19,24,3.25,89%
University of Wisconsin Milwaukee,Wisconsin,,,20,24,3.09,88%
University of Wisconsin Parkside,Wisconsin,,,19,23,2.98,79%
Lawrence University,Wisconsin,,,,,3.7,76%
Milwaukee Institute of Art & Design,Wisconsin,,,,,3.1,70%
Northland International University,Wisconsin,,,,,,98%
University of Wyoming,Wyoming,980,1240,22,27,3.48,96%